id,channelName,commentsCount,likes,viewCount,date,numberOfSubscribers,url,title,location
0-vw1VsHqj0,Lenskart,508,36000,1186705,2023-11-27T00:00:00.000Z,,https://www.youtube.com/shorts/0-vw1VsHqj0,Peyush Bansal Introducing The NEW HUSTLR Sunglasses | #Shorts | #Lenskart,Indore
uqlbJQfsyh8,Lenskart,928,304000,10074092,2023-10-02T00:00:00.000Z,,https://www.youtube.com/shorts/uqlbJQfsyh8,The Power Of Two In One | Lenskart Air Switch | Lenskart,Ghaziabad
qliIKIsS2hw,Lenskart,20,3400,143821,2023-09-11T00:00:00.000Z,,https://www.youtube.com/shorts/qliIKIsS2hw,Find The Perfect Eyewear For Your Face Shape | #Shorts | #Lenskart,Mumbai
DD4jukYW8XY,Lenskart,0,34,1482,2024-08-27T00:00:00.000Z,,https://www.youtube.com/shorts/DD4jukYW8XY,Hustlr Sunglasses are a MUST BUY | #Shorts | #Lenskart,Visakhapatnam
xoF605OAOxw,Lenskart,11,670,25209,2023-12-13T00:00:00.000Z,,https://www.youtube.com/shorts/xoF605OAOxw,TOP SELLING Eyewear Collection | Hustlr | #Shorts | #Lenskart,Lucknow
R3wrkL4-y8o,Lenskart,18,1200,47082,2024-01-02T00:00:00.000Z,,https://www.youtube.com/shorts/R3wrkL4-y8o,Do BLUE LIGHT GLASSES work? | Facts To Know | #Shorts | #Lenskart,Chandigarh
N7pcOW9kNTM,Lenskart,20,1500,63631,2024-02-04T00:00:00.000Z,,https://www.youtube.com/shorts/N7pcOW9kNTM,Why so many people are talking about these glasses? | #Shorts | #Lenskart,Ludhiana
hyGEfVtTrv0,Lenskart,4,1000,50152,2024-02-08T00:00:00.000Z,,https://www.youtube.com/shorts/hyGEfVtTrv0,Best Frame Color For Each Skin Tone | #Shorts | #Lenskart,Ranchi
i_OA7Ps8ncY,Lenskart,7,943,35071,2024-02-05T00:00:00.000Z,,https://www.youtube.com/shorts/i_OA7Ps8ncY,#SPOTTED: Kapil Sharma Wearing Lenskart Air Switch | #Shorts | #Lenskart,Nagpur
LdktgZcrKQ0,Lenskart,4,738,41010,2023-09-10T00:00:00.000Z,,https://www.youtube.com/shorts/LdktgZcrKQ0,Introducing Lenskart Air Switch Grip | #Shorts | #Lenskart,Nashik
g7xLFu6qk_o,Lenskart,24,571,42266,2024-01-17T00:00:00.000Z,272000,https://www.youtube.com/watch?v=g7xLFu6qk_o,The Pan India Superstar Vibe ft. Karan Johar & Kiara Advani | Glasses Badlo Vibe Badlo | #Lenskart,Aurangabad
L3SDDNK_tHk,Lenskart,56,657,50566,2024-05-31T00:00:00.000Z,272000,https://www.youtube.com/watch?v=L3SDDNK_tHk,How Are Progressive Lenses Made | Inside The Lenskart Factory | #Lenskart,Pune
5_p9wEC6m20,Lenskart,41,4600,137420,2024-01-13T00:00:00.000Z,,https://www.youtube.com/shorts/5_p9wEC6m20,NEW HUSTLR Color | As Seen On Peyush Bansal | #Shorts | #Lenskart,Hyderabad
oRRAfrLncSY,Lenskart,7,857,35034,2024-01-05T00:00:00.000Z,,https://www.youtube.com/shorts/oRRAfrLncSY,Try Out Peyush Bansal's Fav Hustlr Glasses At Lenskart Stores | #Shorts | #Lenskart,Varanasi
nZ_xeDVdSnE,Indian Silicon Valley by Jivraj Singh Sachar,1,294,7530,2024-08-23T00:00:00.000Z,,https://www.youtube.com/shorts/nZ_xeDVdSnE,Why Lenskart is an AMAZING Company Now!,Kolkata
atCT_8jPDg8,Backstage with Millionaires,68,866,43587,2024-04-12T00:00:00.000Z,942000,https://www.youtube.com/watch?v=atCT_8jPDg8,Lenskart Is Building a MEGA FACTORY in Bengaluru - Indian Startup News 204,Chennai
7yH1UU4-3vw,ONE CHANCE,94,2600,96417,2024-06-25T00:00:00.000Z,691000,https://www.youtube.com/watch?v=7yH1UU4-3vw,"10 Best Sunglasses Under 500/2000 For Men/Women ?? Lenskart, Voyage Sunglass Haul  2024 | ONE CHANCE",Visakhapatnam
DZroEe_s3AI,Lenskart,8,631,42505,2024-06-02T00:00:00.000Z,,https://www.youtube.com/shorts/DZroEe_s3AI,Signs You Need an Eye Exam | #Shorts | #Lenskart,Lucknow
FvO_MIImnEE,Lenskart,11,1500,38326,2024-02-23T00:00:00.000Z,,https://www.youtube.com/shorts/FvO_MIImnEE,How To Choose GLASSES For Your Face Shape | #Shorts | #Lenskart,Patna
KUZ5t1GSo28,Lenskart,8,1500,52345,2024-07-26T00:00:00.000Z,,https://www.youtube.com/shorts/KUZ5t1GSo28,Don?t Do This MISTAKE While Buying Glasses | #Shorts | #Lenskart,Bangalore
EVAtnscCU50,Lenskart,66,677,52899,2024-07-02T00:00:00.000Z,272000,https://www.youtube.com/watch?v=EVAtnscCU50,Coating on Lenses | Inside The Lenskart Factory | #Lenskart,Meerut
HcQasECt2tA,Lenskart,82,1900,125044,2024-03-05T00:00:00.000Z,272000,https://www.youtube.com/watch?v=HcQasECt2tA,Vineeta Peyush Guess Gen Z Slang | Shark Tank India Season 3 | #Lenskart,Varanasi
UtFnlYdr1rQ,Lenskart,127,6800,176887,2023-12-06T00:00:00.000Z,,https://www.youtube.com/shorts/UtFnlYdr1rQ,Peyush Bansal Talks About Lenskart Shatterproof Lenses | #Shorts | #Lenskart,Bhopal
CQNCPS3z84M,Lenskart,114,10000,276529,2023-09-08T00:00:00.000Z,,https://www.youtube.com/shorts/CQNCPS3z84M,Peyush Bansal Unveils Cricket-Ready Hustlr In A Fresh Color | #Lenskart,Ghaziabad
oVWKY4eEokE,Lenskart,7,2900,253342,2024-02-17T00:00:00.000Z,,https://www.youtube.com/shorts/oVWKY4eEokE,Exchange Your Old Glasses and Buy a New Pair | #Shorts | #Lenskart,Mumbai
CVDOG3iQPIY,RAHUL BISHT,62,252,41997,2024-01-14T00:00:00.000Z,43800,https://www.youtube.com/watch?v=CVDOG3iQPIY,Lenskart buy one get one free eye glasses unboxing and complete review. Free home eye checkup 2024 ??,Agra
R8gnBXXQVug,Lenskart,34,477,62061,2023-09-09T00:00:00.000Z,272000,https://www.youtube.com/watch?v=R8gnBXXQVug,Lenskart Air Switch Grip | Magnetic clip-ons. Firm fit. | #Lenskart,Bangalore
XwvY_-1W_Kg,Lenskart,10,460,19695,2024-03-30T00:00:00.000Z,,https://www.youtube.com/shorts/XwvY_-1W_Kg,Comfortable and Cool Eyeglasses You Must Own | #Shorts | #Lenskart,Noida
e4IfTXBKqcQ,Lenskart,46,1300,106519,2023-11-25T00:00:00.000Z,272000,https://www.youtube.com/watch?v=e4IfTXBKqcQ,How to Choose GLASSES for Your Face Shape | PRO Guide to How to Pick Glasses Frames | #Lenskart,Rajkot
BM9aphdKhiw,EY India,4,1400,77023,2024-08-19T00:00:00.000Z,15500,https://www.youtube.com/watch?v=BM9aphdKhiw,"Bharat?s Trailblazers - Interview with Neha Bansal, Co-Founder of Lenskart",Gurgaon
XWO72Vl4LA0,Lenskart,5,256,20374,2023-11-05T00:00:00.000Z,,https://www.youtube.com/shorts/XWO72Vl4LA0,2 in 1 Sunglasses | Lenskart Air Switch | #Shorts | #Lenskart,Faridabad
Nz-k9q0MtwY,Lenskart,12,1100,23328,2024-02-12T00:00:00.000Z,,https://www.youtube.com/shorts/Nz-k9q0MtwY,Chocolate Mixes Brand Tiggle That Impressed The Sharks | As Seen On Shark Tank | #Shorts | #Lenskart,Chandigarh
SJbAesSvb_A,Shivani & Shashi,203,0,375531,2024-06-15T00:00:00.000Z,,https://www.youtube.com/shorts/SJbAesSvb_A,Spects shopping?? #shorts #shortsindia #minivlog #teluguvlogs #telugu #shopping #lenskart #shisha,Lucknow
LOyYmmJunDg,Lenskart,17,891,25306,2024-03-17T00:00:00.000Z,,https://www.youtube.com/shorts/LOyYmmJunDg,How To Avail Lenskart Buyback | The Big Buyback Festival | #Shorts | #Lenskart,Indore
YRJE6ZBFP8w,Lenskart,6,632,25516,2024-02-27T00:00:00.000Z,,https://www.youtube.com/shorts/YRJE6ZBFP8w,Hustlr Glasses Worn & Loved By Celebs | #Shorts | #Lenskart,Mumbai
3GcUKQt9Lgw,Indian Hustle With Pranav,47,10000,313410,2024-03-31T00:00:00.000Z,,https://www.youtube.com/shorts/3GcUKQt9Lgw,Is Lenskart Profitable or Not? #shorts,Rajkot
qo22S_FJvL4,Lenskart,6,669,26397,2023-11-10T00:00:00.000Z,,https://www.youtube.com/shorts/qo22S_FJvL4,You Are Cleaning The Glasses The Wrong Way | #Shorts | #Lenskart,Ludhiana
MgHC3dsTayQ,Lenskart,10,687,25839,2023-09-17T00:00:00.000Z,,https://www.youtube.com/shorts/MgHC3dsTayQ,All About The New Jade Green Hustlr | #Shorts | #Lenskart,Patna
j8IN9J46brA,Jay Kapoor,11,1200,20136,2024-08-20T00:00:00.000Z,,https://www.youtube.com/shorts/j8IN9J46brA,10k ka LensKart Voucher ??,Bangalore
IUsghaBk3kw,Lenskart,2,402,21127,2024-01-12T00:00:00.000Z,,https://www.youtube.com/shorts/IUsghaBk3kw,All You Need To Know About Lenskart Gold Membership | #Shorts | #Lenskart,Agra
gSIWijGZra4,Lenskart,14,650,24515,2024-01-27T00:00:00.000Z,,https://www.youtube.com/shorts/gSIWijGZra4,Everything You Need To Know About Lenskart Gold Membership | #Shorts | #Lenskart,Mumbai
2yzr_7onYt0,Lenskart,5,897,31745,2024-03-21T00:00:00.000Z,,https://www.youtube.com/shorts/2yzr_7onYt0,Everything You Need To Know About Lenskart Exchange Offer | #Shorts | #Lenskart,Nashik
hgp1o6eZmkE,Indian Hustle With Pranav,74,12000,426479,2024-04-20T00:00:00.000Z,,https://www.youtube.com/shorts/hgp1o6eZmkE,How AI Is Helping Lenskart?,Visakhapatnam
heUxMS3n6UQ,Lenskart,19,1200,32444,2024-02-04T00:00:00.000Z,,https://www.youtube.com/shorts/heUxMS3n6UQ,Peyush Bansal Introducing A NEW HUSTLR Color | Electric Green | #Shorts | #Lenskart,Meerut
gMS7pzIKcPU,Lenskart,16,562,20252,2024-02-20T00:00:00.000Z,,https://www.youtube.com/shorts/gMS7pzIKcPU,Hustlr Glasses Are A Craze Everywhere | #Shorts | #Lenskart,Bhopal
jprtseRUJTs,Lenskart,15,924,29957,2024-02-01T00:00:00.000Z,,https://www.youtube.com/shorts/jprtseRUJTs,Life Of Lenskart Employees | We're Lenskartians | #Shorts | #Lenskart,Aurangabad
3FAZJbDoQM8,Lenskart,4,582,27063,2024-01-21T00:00:00.000Z,,https://www.youtube.com/shorts/3FAZJbDoQM8,Try Out the New Armed Forces Inspired Eyewear at #Lenskart | Patriot Collection,Indore
n0JP5A0VsCA,Sufiyan and Nida,94,45000,913605,2024-07-03T00:00:00.000Z,,https://www.youtube.com/shorts/n0JP5A0VsCA,Style Maarne Ki Aadat Sufiyan Ki Jaigi Nahi ?? Mini Vlog ?? #shorts #ytshorts #lenskart,Vadodara
vF4HPngGvfs,Allen Choudhary,66,62000,823432,2024-01-23T00:00:00.000Z,,https://www.youtube.com/shorts/vF4HPngGvfs,How to Buy Perfect Sunglasses????#dailyshorts #mensfashion #sunglasses #lenskart #shopping #style,Coimbatore
pbr0YFdmPT4,Tejasvi Rajput,141,63000,1018695,2024-07-17T00:00:00.000Z,,https://www.youtube.com/shorts/pbr0YFdmPT4,I got my new glasses! ??? || Tejasvi Rajput || #ytshorts #lenskart #ad,Rajkot
3BkIgSBgwD0,Gen-Z Way,461,60000,736846,2024-05-20T00:00:00.000Z,,https://www.youtube.com/shorts/3BkIgSBgwD0,Lenskart hidden strategy???? #money #buisness #businessideas #marketing #startup,Coimbatore
p6yctaNsyss,Angkitjoshi,103,55000,1150036,2024-07-07T00:00:00.000Z,,https://www.youtube.com/shorts/p6yctaNsyss,Lenskart Gift #lenskart  #angkitjoshi #comedy,Ranchi
51yhkUyOZoQ,salsabeel vlogs,70,974,32679,2024-03-10T00:00:00.000Z,,https://www.youtube.com/shorts/51yhkUyOZoQ,Lenskart hustlr Ace || blue cut || #shorts #hustlr #lenskart #sharktank #viral,Patna
lsQdpg2bN5Y,Lenskart,4,564,31553,2024-03-23T00:00:00.000Z,,https://www.youtube.com/shorts/lsQdpg2bN5Y,Get Your Sunglasses Cleaned For FREE Post Holi | #Shorts | #Lenskart,Chennai
g9dw1AB5iHg,Lenskart,8,174,21162,2024-02-02T00:00:00.000Z,272000,https://www.youtube.com/watch?v=g9dw1AB5iHg,5 POWERFUL Reasons Why You Need To Buy Hustlr in Under 1 Minute | #Lenskart,Vadodara
pLJg-tyfkHY,SET India,19,66000,1225906,2024-05-02T00:00:00.000Z,,https://www.youtube.com/shorts/pLJg-tyfkHY,Shark Anupam ?? lenskart ?? owner? #Shorts #SharkTankIndia #AmanGupta #SharkTankIndiaClips #Funny,Mumbai
fB88nfnTTzk,Lenskart,3,261,15468,2024-02-09T00:00:00.000Z,,https://www.youtube.com/shorts/fB88nfnTTzk,Stepping Inside The Lenskart Store Be Like | #Shorts | #Lenskart,Varanasi
H8fVrcFv_8A,Lenskart,5,667,16199,2024-02-28T00:00:00.000Z,,https://www.youtube.com/shorts/H8fVrcFv_8A,#SPOTTED : Sharks in Hustlr Glasses | Shark Tank India | #Shorts | #Lenskart,Ahmedabad
r1Y60AZ1x0g,GrowthX,669,130000,2688287,2024-02-22T00:00:00.000Z,,https://www.youtube.com/shorts/r1Y60AZ1x0g,How Lenskart Beat Tata?,Aurangabad
PaKpRU3CiuY,Lenskart,5,312,15268,2024-02-28T00:00:00.000Z,,https://www.youtube.com/shorts/PaKpRU3CiuY,KARTIK AARYAN Spotted Shopping at the Lenskart Store | #Shorts | #Lenskart,Chennai
b9KZEQRQq1g,Lenskart,6,493,15957,2024-01-24T00:00:00.000Z,,https://www.youtube.com/shorts/b9KZEQRQq1g,#SPOTTED : Sharks in Hustlr Glasses | Shark Tank India | #Shorts | #Lenskart,Ghaziabad
KdCjKh9uhnU,Lenskart,30,881,15811,2024-03-09T00:00:00.000Z,,https://www.youtube.com/shorts/KdCjKh9uhnU,We Have A SOLUTION For Your Old Glasses | #GlassesBadloIndiaBadlo | #Shorts | #Lenskart,Visakhapatnam
80vU8W0TFfo,Lenskart,15,757,16640,2024-01-14T00:00:00.000Z,,https://www.youtube.com/shorts/80vU8W0TFfo,Best Foods For Eye Health and Vision | #Shorts | #Lenskart,Coimbatore
IISYkQ9M1rs,Lenskart,2,534,16099,2024-01-11T00:00:00.000Z,,https://www.youtube.com/shorts/IISYkQ9M1rs,How To Measure Frame Size At Home | #Shorts | #Lenskart,Lucknow
poQYySLiPf4,Lenskart,5,410,15841,2024-02-24T00:00:00.000Z,,https://www.youtube.com/shorts/poQYySLiPf4,Get To Know All About The New Hustlr ACE | #Shorts | #Lenskart,Agra
4dvReQ7oKqQ,Lenskart,5,397,16203,2024-02-29T00:00:00.000Z,,https://www.youtube.com/shorts/4dvReQ7oKqQ,3 Things To AVOID While Wearing Contact Lenses | #Shorts | #Lenskart,Delhi
TXWBz2_32Eo,Lenskart,4,341,16781,2023-12-07T00:00:00.000Z,,https://www.youtube.com/shorts/TXWBz2_32Eo,FREE Eye Test At Lenskart Store | #Shorts | #Lenskart,Nashik
XVGC5PskcJI,Lenskart,4,601,18159,2024-02-16T00:00:00.000Z,,https://www.youtube.com/shorts/XVGC5PskcJI,How Lenskart BLU Works | #Shorts | #Lenskart,Mumbai
Rmlp8KFDzIE,Lenskart,3,410,17640,2024-01-01T00:00:00.000Z,,https://www.youtube.com/shorts/Rmlp8KFDzIE,New Hustlr Color At Lenskart Stores | #Shorts | #Lenskart,Chennai
KGDkaT7oT4E,Lenskart,2,396,18210,2024-08-04T00:00:00.000Z,,https://www.youtube.com/shorts/KGDkaT7oT4E,When Dad Plays a Prank on You ft. Lenskart Progressive Lenses | #Shorts | #Lenskart,Nagpur
ZZBtyrajTnA,Chasma Wala,0,168,17209,2024-05-09T00:00:00.000Z,2060,https://www.youtube.com/watch?v=ZZBtyrajTnA,Unboxing Lenskart Hustlr Eyeglasses  Review Bluecut Computer Glasses ?@chasmawala786?,Noida
EHKGyrz64po,Lenskart,5,423,17880,2024-03-03T00:00:00.000Z,,https://www.youtube.com/shorts/EHKGyrz64po,Hustlr Glasses Now Available In DIFFERENT SIZES | #Shorts | #Lenskart,Bangalore
yyiJmKBuosk,Lenskart,1,323,19247,2024-01-31T00:00:00.000Z,,https://www.youtube.com/shorts/yyiJmKBuosk,How to Choose the Best Frame for Yourself | #Shorts | #Lenskart,Pune
cS3g11kSJuE,Lenskart,6,311,17010,2023-09-22T00:00:00.000Z,,https://www.youtube.com/shorts/cS3g11kSJuE,3 Glasses Fir Kids Who Are Going Back To School | #Shorts | #Lenskart,Patna
GCcgwe8VSXM,Lenskart,5,339,18323,2024-05-24T00:00:00.000Z,,https://www.youtube.com/shorts/GCcgwe8VSXM,Unbreakable Eyeglasses Are For Real | Lenskart Air Flex | #Shorts | #Lenskart,Meerut
S0KwiCKFiPE,Lenskart,2,287,18796,2024-02-27T00:00:00.000Z,,https://www.youtube.com/shorts/S0KwiCKFiPE,Majnu Bhai Inspired Glasses | Welcome | Anil Kapoor | #Shorts | #Lenskart,Surat
z76SzKYhgWI,Lenskart,5,498,19536,2024-04-28T00:00:00.000Z,,https://www.youtube.com/shorts/z76SzKYhgWI,The Power Of Two In One | Lenskart Air Switch | #Shorts | #Lenskart,Rajkot
1XikCrnprCw,Sahil Khan NT,1650,405000,9059672,2024-05-28T00:00:00.000Z,,https://www.youtube.com/shorts/1XikCrnprCw,Who is the owner of Lenskart? Funny GK Question Challenge For World's Largest Pizza??P-1#gkchallenge,Vadodara
pm47-12Odqg,Lenskart,4,206,11090,2024-04-17T00:00:00.000Z,,https://www.youtube.com/shorts/pm47-12Odqg,Unboxing The Best Glasses For Your Child | #Shorts | #Lenskart,Visakhapatnam
Yjjeh0tY0Hs,Lenskart,3,269,12416,2023-12-20T00:00:00.000Z,,https://www.youtube.com/shorts/Yjjeh0tY0Hs,Look Who Joined The Trend | #Shorts | #Lenskart,Nagpur
QfT-9etxkEU,Lenskart,4,390,12724,2024-06-02T00:00:00.000Z,,https://www.youtube.com/shorts/QfT-9etxkEU,Best Glasses For Four FACE SHAPE | #Shorts | #Lenskart,Noida
kuecIPOMCg8,Lenskart,2,336,12056,2024-03-25T00:00:00.000Z,,https://www.youtube.com/shorts/kuecIPOMCg8,Types Of People On #Holi ft. Lenskart Sunnies | Happy Holi | #Shorts | #Lenskart,Coimbatore
wy_VV7noQs4,Lenskart,3,208,11551,2024-02-17T00:00:00.000Z,,https://www.youtube.com/shorts/wy_VV7noQs4,Buy the Lenskart Glasses at Buy 1 Get 1 Offer | MUST WATCH | #Shorts | #Lenskart,Pune
fTW7ClmdAko,Lenskart,2,869,12218,2024-08-21T00:00:00.000Z,,https://www.youtube.com/shorts/fTW7ClmdAko,What's Your Screen Time????? | #Shorts | #Lenskart,Aurangabad
oAjsPExnkRs,Lenskart,2,436,12855,2023-09-02T00:00:00.000Z,,https://www.youtube.com/shorts/oAjsPExnkRs,3 Yoga Exercises For Healthy Eyes | #Shorts | #Lenskart,Chennai
JIVGq3Jk9Fs,Lenskart,1,266,12127,2024-01-28T00:00:00.000Z,,https://www.youtube.com/shorts/JIVGq3Jk9Fs,FREE Services at the Lenskart Store | #Shorts | #Lenskart,Lucknow
4eilgmE4Li0,Lenskart,3,185,12039,2024-01-30T00:00:00.000Z,,https://www.youtube.com/shorts/4eilgmE4Li0,#SPOTTED : Tanmay Bhatt Wearing Hustlr on Koffee With Karan | #Shorts | #Lenskart,Ghaziabad
5Jtn8qcjRTI,Lenskart,9,275,12433,2024-02-26T00:00:00.000Z,,https://www.youtube.com/shorts/5Jtn8qcjRTI,What Is The Hot Air Balloon Eye Test | #Shorts | #Lenskart,Rajkot
n-3Ix4qCv1Q,Lenskart,4,333,13172,2024-03-02T00:00:00.000Z,,https://www.youtube.com/shorts/n-3Ix4qCv1Q,You SHOULD NOT MISS This | The Big Buyback Festival | #Shorts | #Lenskart,Lucknow
lFrtK3FQqL8,Lenskart,0,210,12456,2024-08-24T00:00:00.000Z,,https://www.youtube.com/shorts/lFrtK3FQqL8,A Day in the Life of a College Student ft. Lenskart Screen Glasses | #Shorts,Kolkata
S4zq1zBieSo,Lenskart,5,506,12853,2024-04-14T00:00:00.000Z,,https://www.youtube.com/shorts/S4zq1zBieSo,Types of T20 Cricket Fans | T20 Fan Mania | #Shorts | #Lenskart,Patna
#NAME?,Lenskart,1,428,11303,2024-07-26T00:00:00.000Z,,https://www.youtube.com/shorts/-nnPU3-RMD8,Buy Progressive Lenses on SALE | #Shorts | #Lenskart,Delhi
7K29YKs-vHc,Shark Tank India,107,1700,135040,2024-07-29T00:00:00.000Z,3360000,https://www.youtube.com/watch?v=7K29YKs-vHc,Isak Perfume ?? Owner ?? ????? Peyush ?? ???? ?? ????? 'Welcome To Lenskart' | Individual Shark Wins,Pune
4ML6QA-LvWw,Lenskart,1,384,13816,2024-05-28T00:00:00.000Z,,https://www.youtube.com/shorts/4ML6QA-LvWw,3 Must Have College Essentials | #Shorts | #Lenskart,Jaipur
_gyl05VZ1mc,Lenskart,1,260,14344,2024-02-11T00:00:00.000Z,,https://www.youtube.com/shorts/_gyl05VZ1mc,3 Eye Glasses LIFE HACKS and Glasses Tips | #Shorts | #Lenskart,Indore
UckMOpdSwZE,Lenskart,12,728,13816,2024-03-04T00:00:00.000Z,,https://www.youtube.com/shorts/UckMOpdSwZE,Get Your Glasses Delivered Within 30 Minutes | #Shorts | #Lenskart,Indore
VWZxKrqElIU,Lenskart,1,262,14935,2024-02-18T00:00:00.000Z,,https://www.youtube.com/shorts/VWZxKrqElIU,3 SOLUTIONS For Headache From New Glasses | #Shorts | #Lenskart,Nashik
XOm9cRLFNUw,Lenskart,5145,572000,15544496,2023-11-20T00:00:00.000Z,,https://www.youtube.com/shorts/XOm9cRLFNUw,Peyush Bansal Talks About The Eyewear Innovation At Lenskart | #Shorts | #Lenskart,Delhi
TpGL_nmw3d0,Lenskart,10,387,13556,2023-11-12T00:00:00.000Z,,https://www.youtube.com/shorts/TpGL_nmw3d0,Things You Need To Know About Lenskart Hustlr Eyeglasses | #Shorts | #Lenskart,Pune
WJq95WwgONw,Lenskart,4,355,14731,2024-02-20T00:00:00.000Z,,https://www.youtube.com/shorts/WJq95WwgONw,What Are The Benefits of Using Computer Glasses | #Shorts | #Lenskart,Mumbai
l4e-t4jiL2Q,GrowthX,163,3000,217181,2024-02-15T00:00:00.000Z,358000,https://www.youtube.com/watch?v=l4e-t4jiL2Q,Lenskart vs Titan: How Lenskart Defeated a TATA Brand | GrowthX Wireframe,Kolkata
Po0CZrA1qCQ,Lenskart Singapore,0,3300,265781,2024-03-26T00:00:00.000Z,385,https://www.youtube.com/watch?v=Po0CZrA1qCQ,Lenskart - Make the Switch,Visakhapatnam
fvxi595UYTA,Lenskart,3,392,9580,2024-08-05T00:00:00.000Z,,https://www.youtube.com/shorts/fvxi595UYTA,How To Take Care of Your Glasses | TIPS & TRICKS | #Shorts | #Lenskart,Rajkot
BfpFoIhvmTI,Lenskart,1,212,10196,2024-07-14T00:00:00.000Z,,https://www.youtube.com/shorts/BfpFoIhvmTI,HOW USEFUL are the Screen Glasses | Lenskart BLU | #Shorts | #Lenskart,Faridabad
veCFsTncy7c,Lenskart,2,234,9792,2023-12-27T00:00:00.000Z,,https://www.youtube.com/shorts/veCFsTncy7c,Buy 1 Get 1 FREE On Lenskart Sunglasses | #Shorts | #Lenskart,Meerut
Zs9RAHWi8aM,Lenskart,3,207,9882,2024-04-13T00:00:00.000Z,,https://www.youtube.com/shorts/Zs9RAHWi8aM,Kids Friendly Glasses | Flexible & Bendable Eyeglasses | #Shorts | #Lenskart,Pune
r_hbBScBk_s,Lenskart,3,189,10208,2023-09-25T00:00:00.000Z,,https://www.youtube.com/shorts/r_hbBScBk_s,Grab The Best Offers At Your Nearest Lenskart Store | #Shorts | #Lenskart,Patna
3MGIk-N-MwQ,Lenskart,1,329,10180,2024-03-13T00:00:00.000Z,,https://www.youtube.com/shorts/3MGIk-N-MwQ,What To Do With Your Old Glasses | #Shorts | #Lenskart,Bhopal
iQXr_mln95U,Lenskart,5,213,9740,2024-01-29T00:00:00.000Z,,https://www.youtube.com/shorts/iQXr_mln95U,Things You Need To Know About Lenskart Hustlr Eyeglasses | #Shorts | #Lenskart,Nashik
J5fCMaEejy8,Lenskart,2,236,9537,2023-12-07T00:00:00.000Z,,https://www.youtube.com/shorts/J5fCMaEejy8,Shark Tank India Season 3 Coming Soon | Peyush Bansal | #Lenskart,Meerut
CGDFbdQCUis,Lenskart,0,145,9913,2023-12-14T00:00:00.000Z,,https://www.youtube.com/shorts/CGDFbdQCUis,Why You Need Powered Sunglasses | #Shorts | #Lenskart,Varanasi
YBpeagaLF48,Lenskart,1,147,10415,2023-12-14T00:00:00.000Z,,https://www.youtube.com/shorts/YBpeagaLF48,Lenskart Gold Rush SALE IS BACK | #Shorts | #Lenskart,Noida
pLo59SzUyiI,Lenskart,3,266,10592,2024-02-02T00:00:00.000Z,,https://www.youtube.com/shorts/pLo59SzUyiI,Should You Buy Polarised Sunglasses? | #Shorts | #Lenskart,Chennai
dcZO6BV4fIo,Lenskart,0,174,10767,2024-01-28T00:00:00.000Z,,https://www.youtube.com/shorts/dcZO6BV4fIo,Choosing the Right Eyeglasses According To Your Hair Color | #Shorts | #Lenskart,Lucknow
xF1arptgS8Y,Lenskart,5,327,11224,2023-09-01T00:00:00.000Z,,https://www.youtube.com/shorts/xF1arptgS8Y,Must Have Colored Contact Lenses For Every Bride To Be | #Shorts | #Lenskart,Hyderabad
p_WeBO26q3Y,Lenskart,5,140,10712,2024-04-03T00:00:00.000Z,,https://www.youtube.com/shorts/p_WeBO26q3Y,Why Progressive Lenses Are Gaining Popularity | #Shorts | #Lenskart,Delhi
fixAx7c_bxI,Lenskart,3,214,10774,2024-05-09T00:00:00.000Z,,https://www.youtube.com/shorts/fixAx7c_bxI,Things You'll Relate To If You Wear Eyeglasses | Lenskart,Visakhapatnam
23DLj7LAa8g,Lenskart,0,258,11002,2023-11-15T00:00:00.000Z,,https://www.youtube.com/shorts/23DLj7LAa8g,Types Of Lenses | #Shorts | #Lenskart,Hyderabad
v0HN6SptvSM,Lenskart,2,112,10223,2024-02-10T00:00:00.000Z,,https://www.youtube.com/shorts/v0HN6SptvSM,Most FAMOUS GAME Of The Year 2024 | #Shorts | #Lenskart,Surat
Q2yABJMED9A,Shark Tank India,371,10000,541722,2024-02-22T00:00:00.000Z,3360000,https://www.youtube.com/watch?v=Q2yABJMED9A,Shark Amit ?? ?Intense Focus? ?? ???? Lenskart ?? Compare | Shark Tank India S3 | Full Pitch,Hyderabad
zRZIVLjNHzY,Lenskart,23,713,342199,2024-06-08T00:00:00.000Z,272000,https://www.youtube.com/watch?v=zRZIVLjNHzY,No More Tired Eyes | Lenskart BLU Screen Glasses,Ludhiana
FgD2RhBc2B0,Amma Kuthuru,18,161,10863,2023-10-27T00:00:00.000Z,926,https://www.youtube.com/watch?v=FgD2RhBc2B0,Lenskart Glasses unboxing & review | ?????? ?? | Free eye test | Aqualens | Sunglasses | Eyeglasses,Noida
AV8LYlSnzzY,Lenskart,1,139,11048,2023-12-16T00:00:00.000Z,,https://www.youtube.com/shorts/AV8LYlSnzzY,Why You Should Try Out The New Hustlr Sunglasses | #Shorts | #Lenskart,Meerut
VM7GGk_4SXk,Lenskart,3,196,7430,2024-06-01T00:00:00.000Z,,https://www.youtube.com/shorts/VM7GGk_4SXk,These Glasses are NOT EXPENSIVE AT ALL | #Shorts | #Lenskart,Hyderabad
vupGRIJSzuI,Lenskart,1,109,7379,2024-04-25T00:00:00.000Z,,https://www.youtube.com/shorts/vupGRIJSzuI,Hustlr Glasses SUPER FAST DELIVERY | #Shorts | #Lenskart,Mumbai
3UzaQBaY2Ug,Lenskart,3,108,7064,2024-02-03T00:00:00.000Z,,https://www.youtube.com/shorts/3UzaQBaY2Ug,Galentines Day ft. Lenskart Sunnies | #Shorts | #Lenskart,Chennai
Unk9MYiw_xc,Lenskart,0,173,7414,2024-03-28T00:00:00.000Z,,https://www.youtube.com/shorts/Unk9MYiw_xc,You SHOULD NOT MISS This Opportunity | #Shorts | #Lenskart,Ludhiana
Wg_oIeyA0Cg,Lenskart,7,211,7603,2024-08-20T00:00:00.000Z,,https://www.youtube.com/shorts/Wg_oIeyA0Cg,Eyewear Styles You Will NOT Find Anywhere Else | #Shorts | #Lenskart,Jaipur
ce2fSyIjxy4,Lenskart,4,184,7307,2024-01-16T00:00:00.000Z,,https://www.youtube.com/shorts/ce2fSyIjxy4,#SPOTTED : Avneet Kaur Wearing Lenskart Hustlr Glasses | #Shorts | #Lenskart,Patna
jTxMuBu7Ajo,Lenskart,4,185,11063,2024-01-31T00:00:00.000Z,,https://www.youtube.com/shorts/jTxMuBu7Ajo,Coolest Sunglasses For Men Trending Right Now | #Shorts | #Lenskart,Kolkata
ayxv4_N3sys,Lenskart,3,211,7064,2024-04-03T00:00:00.000Z,,https://www.youtube.com/shorts/ayxv4_N3sys,Peyush Bansal in Conversation With Ronnie Screwvala | Shark Tank India | #Shorts | #Lenskart,Ranchi
4_oBzD75iZM,Lenskart,11,226,7580,2024-07-03T00:00:00.000Z,,https://www.youtube.com/shorts/4_oBzD75iZM,Reasons to Buy Hustlr Glasses | #Shorts | #Lenskart,Lucknow
4CG95Dsy6LQ,Lenskart,3,205,7763,2024-04-17T00:00:00.000Z,,https://www.youtube.com/shorts/4CG95Dsy6LQ,What To Do With Old Glasses? | TOP TIPS | #Shorts | #Lenskart,Rajkot
7qnUmOZoZXU,Lenskart,2,185,7691,2024-02-12T00:00:00.000Z,,https://www.youtube.com/shorts/7qnUmOZoZXU,Glasses To Wear On Your Next Date | #Shorts | #Lenskart,Ludhiana
IQU9RlKdlT4,Lenskart,1,182,7679,2024-01-05T00:00:00.000Z,,https://www.youtube.com/shorts/IQU9RlKdlT4,How to fix glasses that slide down the nose? | #Shorts | #Lenskart,Faridabad
_zIu8OU03wU,Lenskart,0,136,7711,2024-01-23T00:00:00.000Z,,https://www.youtube.com/shorts/_zIu8OU03wU,Getting Ready for College ft. Lenskart Hustlr Glasses | #Shorts | #Lenskart,Agra
PBgTbrH_UOo,Lenskart,3,154,7844,2024-04-28T00:00:00.000Z,,https://www.youtube.com/shorts/PBgTbrH_UOo,This Will Leave You SHOCKED | #Shorts | Lenskart Buyback | #Shorts | #Lenskart,Visakhapatnam
Z2bC4XVmNGY,Lenskart,4,188,8244,2024-03-08T00:00:00.000Z,,https://www.youtube.com/shorts/Z2bC4XVmNGY,All New Colors Of Hustlr At The Lenskart Store | #Shorts | #Lenskart,Visakhapatnam
c8v1fwRIe9I,Lenskart,1,236,8011,2023-11-24T00:00:00.000Z,,https://www.youtube.com/shorts/c8v1fwRIe9I,Things To Do At Lenskart Store | Lenskart Eyeconic Sale | #Shorts | #Lenskart,Ahmedabad
WpoWALOhNOg,Lenskart,2,123,7920,2024-02-13T00:00:00.000Z,,https://www.youtube.com/shorts/WpoWALOhNOg,Best Selling Eyeglasses For Kids in India | #Shorts | #Lenskart,Faridabad
i31Pbd7JpmM,Lenskart,1,63,7207,2024-05-11T00:00:00.000Z,272000,https://www.youtube.com/watch?v=i31Pbd7JpmM,3 Services FREE On Lenskart Right Now | Best Gift for Moms | #Lenskart,Lucknow
mn5IwRlCzI0,kooL Tech,71,269,7295,2024-08-25T00:00:00.000Z,189000,https://www.youtube.com/watch?v=mn5IwRlCzI0,"Lenskart 70% Off, Fi Cashback Looot, Flash Swiggy Rs.250 Free Loot, Online Shopping Loot Offers",Nashik
hR0yzTrsETQ,Lenskart,2,136,6984,2024-02-24T00:00:00.000Z,,https://www.youtube.com/shorts/hR0yzTrsETQ,LATEST Eyewear At The Lenskart Store Right Now | #Shorts | #Lenskart,Ghaziabad
zoGV1TRQjlQ,Lenskart,3,151,8268,2024-02-07T00:00:00.000Z,,https://www.youtube.com/shorts/zoGV1TRQjlQ,The NEON GLASSES You Must Buy Right Now | #Shorts | #Lenskart,Coimbatore
06kEPiVKUxE,Lenskart,5,436,8275,2024-02-15T00:00:00.000Z,,https://www.youtube.com/shorts/06kEPiVKUxE,SURPRISING NANI | Valentine's Day Special | #Shorts | #Lenskart,Jaipur
tRyqpXx6zvk,Lenskart,1,399,8295,2024-06-22T00:00:00.000Z,,https://www.youtube.com/shorts/tRyqpXx6zvk,5 TIPS To Have Healthy Eyes | #Shorts | #Lenskart,Mumbai
PmQkGLx1wDU,Lenskart,3,100,5865,2024-06-16T00:00:00.000Z,,https://www.youtube.com/shorts/PmQkGLx1wDU,Pilates Workout ft. Lenskart Glasses | #Shorts | #Lenskart,Bangalore
kZ8itQCO96Q,Lenskart,3,191,5935,2024-08-02T00:00:00.000Z,,https://www.youtube.com/shorts/kZ8itQCO96Q,Weekend Shopping Plans | #Shorts | #Lenskart,Mumbai
1qqP8G02yII,Lenskart,0,116,5809,2024-07-06T00:00:00.000Z,,https://www.youtube.com/shorts/1qqP8G02yII,Services at Lenskart Store You SHOULDN'T MISS | #Shorts | #Lenskart,Hyderabad
V28WXJavwBI,Lenskart,0,94,5742,2023-12-09T00:00:00.000Z,,https://www.youtube.com/shorts/V28WXJavwBI,Grab Your Fav Shark's Hustlr Eyeglasses At FLAT 60% Off | #Shorts | #Lenskart,Indore
0_ylWu9Ze0o,Lenskart,0,41,5786,2024-06-22T00:00:00.000Z,,https://www.youtube.com/shorts/0_ylWu9Ze0o,When Moms Want to Relax | #Shorts | #Lenskart,Noida
ne-AUM9psoU,Lenskart,6,221,6066,2024-08-11T00:00:00.000Z,,https://www.youtube.com/shorts/ne-AUM9psoU,Peyush and Jeremie on Le Petit Lunetier | #Shorts | #Lenskart,Patna
7GpYaO8VoM4,Lenskart,4,98,6020,2024-06-30T00:00:00.000Z,,https://www.youtube.com/shorts/7GpYaO8VoM4,Eyewear Styles at BEST PRICES | Lenskart Store | #Shorts | #Lenskart,Mumbai
GDhymUueiBM,Lenskart,3,116,6072,2024-03-14T00:00:00.000Z,,https://www.youtube.com/shorts/GDhymUueiBM,Lenskart HOLI SALE Is Here | #Shorts | #Lenskart,Ranchi
rEyFidTjGnc,Lenskart,2,179,6172,2024-07-28T00:00:00.000Z,,https://www.youtube.com/shorts/rEyFidTjGnc,A Day of Using Screen Glasses | #Shorts | #Lenskart,Surat
s38254RO9PI,Lenskart,6,186,6036,2024-02-25T00:00:00.000Z,,https://www.youtube.com/shorts/s38254RO9PI,Unboxing The ULTIMATE Kids Superhero Sunglasses | Batman | DC X Lenskart | #Shorts | #Lenskart,Indore
olHGm-gUAZ8,Lenskart,11,102,7166,2024-06-18T00:00:00.000Z,272000,https://www.youtube.com/watch?v=olHGm-gUAZ8,The Solution to Screen Time Eye Strain | Lenskart Screen Glasses,Faridabad
O327nTCIP_4,Lenskart,2,138,6256,2024-01-14T00:00:00.000Z,,https://www.youtube.com/shorts/O327nTCIP_4,SAVINGS at the Lenskart Gold Rush Sale | #Shorts | #Lenskart,Gurgaon
FoSASdfBlsA,Lenskart,2,78,6335,2024-02-15T00:00:00.000Z,,https://www.youtube.com/shorts/FoSASdfBlsA,3 EASY Outfit Ideas for MEN | #Shorts | #Lenskart,Indore
w3qMq_oZPVc,Lenskart,0,106,6480,2023-12-10T00:00:00.000Z,,https://www.youtube.com/shorts/w3qMq_oZPVc,Introducing The New DC Superhero Collection For Kids | #Shorts | #Lenskart,Lucknow
zDhT2tYfcLo,Lenskart,1,87,6394,2024-05-25T00:00:00.000Z,,https://www.youtube.com/shorts/zDhT2tYfcLo,FREE Kids Glasses | #Shorts | #Lenskart,Mumbai
8HQW0cNL1P8,Lenskart,2,141,5987,2024-01-01T00:00:00.000Z,,https://www.youtube.com/shorts/8HQW0cNL1P8,Unboxing Neon Party Glasses | Lenskart Air Electropunk | #Lenskart,Bhopal
WDgXpV9ut6M,Lenskart,2,179,6498,2023-12-12T00:00:00.000Z,,https://www.youtube.com/shorts/WDgXpV9ut6M,Do Eating Carrots Really Improve Your Eyesight? | #Shorts | #Lenskart,Ghaziabad
ppQgLkSQT-M,Enathu Thagaval Ulagam-???? ????? ?????,15,84,6367,2024-02-27T00:00:00.000Z,12300,https://www.youtube.com/watch?v=ppQgLkSQT-M,????? ????????Glasses ??????? ????????????? Lenskart Free shopping offer | Lenskart BLU Glasses Review,Ghaziabad
Ia8jBjYosJI,Lenskart,5,321,8330,2024-07-27T00:00:00.000Z,,https://www.youtube.com/shorts/Ia8jBjYosJI,3 Services That Are FREE At The Lenskart Store | #Lenskart,Pune
GoyzwLJ6IIM,Lenskart,5,129,6049,2023-12-22T00:00:00.000Z,,https://www.youtube.com/shorts/GoyzwLJ6IIM,Step Out In Style Wearing Lenskart Hustlr Sunglasses | #Shorts | #Lenskart,Lucknow
KtnLilbXMTs,Lenskart,2,168,6150,2024-07-02T00:00:00.000Z,,https://www.youtube.com/shorts/KtnLilbXMTs,The PROS Of Using Lenskart Screen Glasses | #Shorts,Ludhiana
VeVw_OXnBFU,Lenskart,4,145,8628,2024-05-29T00:00:00.000Z,,https://www.youtube.com/shorts/VeVw_OXnBFU,Why Hooper is Kids Favourite | #Shorts | #Lenskart,Ludhiana
iAY_--lu05o,Lenskart,3,158,8579,2023-12-15T00:00:00.000Z,,https://www.youtube.com/shorts/iAY_--lu05o,Lenskart Gold Rush SALE IS HERE ft. Mrunal Thakur | #Shorts | #Lenskart,Surat
6O1X40yLSjQ,Lenskart,1,204,8482,2024-02-19T00:00:00.000Z,,https://www.youtube.com/shorts/6O1X40yLSjQ,Best Selling Eyeglasses on Lenskart | #Shorts | #Lenskart,Meerut
xZuiYR___9Q,Lenskart,4,107,6429,2024-06-02T00:00:00.000Z,,https://www.youtube.com/shorts/xZuiYR___9Q,#SPOTTED Nitibha Kaul at the Lenskart Store,Agra
6D8XuCZqDl8,Lenskart,2,91,5107,2024-02-25T00:00:00.000Z,,https://www.youtube.com/shorts/6D8XuCZqDl8,The New NEON HUSTLR Glasses | #Shorts | #Lenskart,Faridabad
qn_1LtMatz4,Lenskart,2,79,5159,2024-03-07T00:00:00.000Z,,https://www.youtube.com/shorts/qn_1LtMatz4,Celebrate Women's Day With Special DISCOUNT | #Shorts | #Lenskart,Ahmedabad
81kwfpwzF4g,Lenskart,2,105,5196,2024-04-22T00:00:00.000Z,,https://www.youtube.com/shorts/81kwfpwzF4g,This Is What You Can Do With Your Old Glasses | Lenskart Buyback | #Shorts | #Lenskart,Agra
DRIGNp_eFEY,Lenskart,2,58,5396,2024-04-08T00:00:00.000Z,,https://www.youtube.com/shorts/DRIGNp_eFEY,Every Time You Want To Buy New Glasses | #Shorts | #Lenskart,Bangalore
kQOTvYYEdaY,Lenskart,3,162,5310,2024-06-26T00:00:00.000Z,,https://www.youtube.com/shorts/kQOTvYYEdaY,GLASSES THAT WON'T FALL AT ALL | Lenskart Air Pro-Fit | #Shorts | #Lenskart,Kolkata
9Yp4x2W4txc,Lenskart,2,163,5292,2024-03-10T00:00:00.000Z,,https://www.youtube.com/shorts/9Yp4x2W4txc,Helping The Ones In Need | #GlassesBadloIndiaBadlo | #Shorts | #Lenskart,Visakhapatnam
GopUj5M-6AY,Lenskart,1,87,5331,2024-01-25T00:00:00.000Z,,https://www.youtube.com/shorts/GopUj5M-6AY,Essential Packing List for a Winter Trip | #Shorts | #Lenskart,Nagpur
fDt90HAgGEA,Lenskart,2,175,5462,2024-05-22T00:00:00.000Z,,https://www.youtube.com/shorts/fDt90HAgGEA,Inside Lenskart Store | #Shorts | #Lenskart,Lucknow
aJ-n7SfetbI,Lenskart,1,98,5507,2024-04-23T00:00:00.000Z,,https://www.youtube.com/shorts/aJ-n7SfetbI,TOP REASONS Why You Should Visit the Lenskart Store | #Shorts | #Lenskart,Mumbai
#NAME?,Lenskart,1,93,5511,2023-12-17T00:00:00.000Z,,https://www.youtube.com/shorts/-jgbYpkt3J0,Sonam Bajwa For John Jacobs | @johnjacobseyewear9648 | #Lenskart,Visakhapatnam
eFE8_eAG0os,Lenskart,1,91,5698,2024-01-26T00:00:00.000Z,,https://www.youtube.com/shorts/eFE8_eAG0os,Try Kiara Advani Approved Contact Lenses | #Shorts | #Lenskart,Agra
h6uLDcXz8Ho,Lenskart,3,148,5540,2024-01-23T00:00:00.000Z,,https://www.youtube.com/shorts/h6uLDcXz8Ho,Kiara Advani Approved Sunnies You Need To Buy | #Shorts | #Lenskart,Ahmedabad
GldAjZC0gEQ,Lenskart,0,122,5821,2023-10-17T00:00:00.000Z,,https://www.youtube.com/shorts/GldAjZC0gEQ,Stop Your Glasses From Falling Off | #Shorts | #Lenskart,Pune
AEwt3HD1R2M,Roshan SA,12,0,5243,2024-02-23T00:00:00.000Z,4910,https://www.youtube.com/watch?v=AEwt3HD1R2M,LENSKART EXPERIENCE and REVIEW in Tamil: ??worthy ?,Chennai
TJg69ZFrbY4,Lenskart,3,170,5214,2024-08-10T00:00:00.000Z,,https://www.youtube.com/shorts/TJg69ZFrbY4,Non-Falling Glasses | Lenskart Air Pro-Fit | #Shorts,Ludhiana
5L7SpW1M1iE,Lenskart,1,118,5457,2024-04-24T00:00:00.000Z,,https://www.youtube.com/shorts/5L7SpW1M1iE,Watch This Video Before You Throw Away Your Old Glasses | #Shorts | #Lenskart,Faridabad
pDbTwBekZW4,Lenskart,1,127,5533,2024-08-22T00:00:00.000Z,,https://www.youtube.com/shorts/pDbTwBekZW4,Buy Your Entire Eyewear Wishlist Here | #Shorts | #Lenskart,Nagpur
KS1sHMg-lsk,incbasil,4,75,5615,2024-06-01T00:00:00.000Z,363,https://www.youtube.com/watch?v=KS1sHMg-lsk,Piyush Bansal vs  Ratan Tata | How Lenskart defeated Titan | Lenskart | Titan Eye Plus,Meerut
8jdtee4g4Y4,Lenskart,5,119,5783,2024-05-13T00:00:00.000Z,,https://www.youtube.com/shorts/8jdtee4g4Y4,The BEST Gaming Glasses | #Shorts | #Lenskart,Agra
UuoZqo216wM,Supra_tales,15,122,6334,2024-08-28T00:00:00.000Z,8740,https://www.youtube.com/watch?v=UuoZqo216wM,???????? ???????? ????? ???? ???? |Vlog205 | USA|Dombivali | Hometour |Marathivlog|lenskart|Kharghar,Faridabad
h-VxLXcypHM,Lenskart,3,207,8722,2023-12-21T00:00:00.000Z,,https://www.youtube.com/shorts/h-VxLXcypHM,Who Wins FREE Lenskart Glasses | #Shorts | #Lenskart,Ludhiana
w0cOFDIXOkI,Lenskart,3,199,9034,2024-05-23T00:00:00.000Z,,https://www.youtube.com/shorts/w0cOFDIXOkI,Most Asked Questions Progressive Lenses | #Shorts | #Lenskart,Coimbatore
PbEleuAQalk,Lenskart,3,192,8802,2024-03-01T00:00:00.000Z,,https://www.youtube.com/shorts/PbEleuAQalk,#NewLaunch : Space Themed Eyewear For Kids | #Shorts | #Lenskart,Ranchi
yxMj6ESIqhU,Lenskart,0,245,8854,2023-10-01T00:00:00.000Z,,https://www.youtube.com/shorts/yxMj6ESIqhU,How To Wear Contact Lenses In 30 Seconds | #Shorts | #Lenskart,Bangalore
Csj5zgVVUyI,Lenskart,6,186,8693,2024-03-01T00:00:00.000Z,,https://www.youtube.com/shorts/Csj5zgVVUyI,The NEON Hustlr GLASSES You Must Buy Right Now | #Shorts | #Lenskart,Nashik
Qq3NC-ySIY0,Lenskart,5,314,8935,2024-08-14T00:00:00.000Z,,https://www.youtube.com/shorts/Qq3NC-ySIY0,Types of Lens Coatings | #Shorts | #Lenskart,Nagpur
LLsMkHDHQds,Lenskart,2,115,8827,2024-01-22T00:00:00.000Z,,https://www.youtube.com/shorts/LLsMkHDHQds,The NEW HUSTLR Sunglasses You Need to Try | #Shorts | #Lenskart,Rajkot
8OWCdZBO88s,Lenskart,2,97,4885,2024-08-06T00:00:00.000Z,,https://www.youtube.com/shorts/8OWCdZBO88s,Shopping With Your Best Friend | #Shorts | #Lenskart,Vadodara
kXagzN-DlP8,Lenskart,2,106,4578,2024-03-22T00:00:00.000Z,,https://www.youtube.com/shorts/kXagzN-DlP8,Styling Tips For Holi Party 2024 | #Shorts | #Lenskart,Hyderabad
an-HGTb3CL8,Lenskart,2,133,4759,2024-04-25T00:00:00.000Z,,https://www.youtube.com/shorts/an-HGTb3CL8,Get Your Eyes Tested At Home | Lenskart At Home | #Lenskart,Vadodara
owiBpRGLtwU,Lenskart,2,116,4857,2024-07-19T00:00:00.000Z,,https://www.youtube.com/shorts/owiBpRGLtwU,Types of Progressive Lenses | Progressive Lens Guide | #Lenskart,Vadodara
gDu9xtaH1Wg,Lenskart,1,94,4586,2024-01-15T00:00:00.000Z,,https://www.youtube.com/shorts/gDu9xtaH1Wg,Style Secrets of '12th Fail' Actor Vikrant Massey | #Shorts | #Lenskart,Varanasi
CydPNmoKv50,Lenskart,1,90,4811,2024-01-30T00:00:00.000Z,,https://www.youtube.com/shorts/CydPNmoKv50,Reasons to Buy Lenskart Kids Sunglasses | #Shorts | #Lenskart,Delhi
cofDt6AuOE8,Lenskart,2,64,4782,2024-03-06T00:00:00.000Z,,https://www.youtube.com/shorts/cofDt6AuOE8,Unboxing The New Petite Collection | #Shorts | #Lenskart,Indore
GwxPL6L1DrM,Lenskart,5,105,4657,2024-06-09T00:00:00.000Z,,https://www.youtube.com/shorts/GwxPL6L1DrM,SAVE EYES from Mobile and Computer Screens | BEST COMPUTER GLASSES | #Shorts | #Lenskart,Bangalore
7rtuyvXMQi0,Lenskart,2,112,4712,2023-09-06T00:00:00.000Z,,https://www.youtube.com/shorts/7rtuyvXMQi0,Tips To Have Healthy Eyes | #Shorts | #Lenskart,Coimbatore
hmcuX32EIN4,Lenskart,0,93,4685,2024-03-24T00:00:00.000Z,,https://www.youtube.com/shorts/hmcuX32EIN4,Must Have Sunglasses For HOLI | Colors of India | Holi Celebration | #Lenskart,Bangalore
OXhYSixGqX8,Lenskart,1,121,4801,2023-12-21T00:00:00.000Z,,https://www.youtube.com/shorts/OXhYSixGqX8,The Making Of The DC X Lenskart Collection | Lenskart Origins | #Lenskart,Coimbatore
JIe5imvQs30,Lenskart,2,101,5019,2024-04-29T00:00:00.000Z,,https://www.youtube.com/shorts/JIe5imvQs30,3 BEST Glasses For Kids | #Shorts | #Lenakart,Nashik
rJEJLrJ5BFU,Lenskart,0,117,4967,2024-01-12T00:00:00.000Z,,https://www.youtube.com/shorts/rJEJLrJ5BFU,Struggles Of People Who Wear Glasses | #Shorts | #Lenskart,Coimbatore
AWulDv5Uq9Y,Lenskart,5,120,5092,2024-05-12T00:00:00.000Z,,https://www.youtube.com/shorts/AWulDv5Uq9Y,3 Services FREE On Lenskart Right Now | Best Gift for Moms | #Lenskart,Ludhiana
os3_2fj9xiQ,Lenskart,2,127,4988,2023-12-05T00:00:00.000Z,,https://www.youtube.com/shorts/os3_2fj9xiQ,Unboxing The Newly Launched Gulmarg Collection | Lenskart Unboxing | #Lenskart,Varanasi
iLFkjq4mHhI,Lenskart,2,150,5143,2024-07-21T00:00:00.000Z,,https://www.youtube.com/shorts/iLFkjq4mHhI,This is how you can PROTECT YOUR EYES | #Shorts | #Lenskart,Noida
dI7IfrlkBs8,Lenskart,1,102,5190,2024-05-26T00:00:00.000Z,,https://www.youtube.com/shorts/dI7IfrlkBs8,Bifocal vs Progressive Lenses - Which is Better for You? | #Shorts | #Lenskart,Bangalore
xwMvfID-cIM,Lenskart,4,113,5237,2024-04-18T00:00:00.000Z,,https://www.youtube.com/shorts/xwMvfID-cIM,The NEW HUSTLR ACE | #Shorts #Lenskart,Rajkot
kJ6TWF63iVU,Lenskart,5,112,4701,2024-08-03T00:00:00.000Z,272000,https://www.youtube.com/watch?v=kJ6TWF63iVU,How To Maintain Glasses? | Tips to Clean Your Glasses | #Lenskart,Chandigarh
wImMSYG48yQ,Lenskart,24,225,9139,2024-07-26T00:00:00.000Z,272000,https://www.youtube.com/watch?v=wImMSYG48yQ,#NewLaunch : Harry Potter Inspired Eyewear Collection | #Lenskart,Noida
6QsJ1RUa6z4,Lenskart,2,159,8829,2024-03-04T00:00:00.000Z,,https://www.youtube.com/shorts/6QsJ1RUa6z4,NEW Eyewear Styles YOU NEED TO SEE | #Shorts | #Lenskart,Aurangabad
X0qTs0ggJys,Lenskart,3,248,9149,2023-09-07T00:00:00.000Z,,https://www.youtube.com/shorts/X0qTs0ggJys,Unboxing Lenskart Hustlr | As seen on Shark Tank India | Lenskart,Ludhiana
Rd9AGlCdvvs,Lenskart,2,136,5088,2023-12-25T00:00:00.000Z,,https://www.youtube.com/shorts/Rd9AGlCdvvs,What is Blue Light? | #Shorts | #Lenskart,Vadodara
rpkjSw92T1M,Lenskart,1,148,9175,2024-05-03T00:00:00.000Z,,https://www.youtube.com/shorts/rpkjSw92T1M,Whats Your Everyday Hustle Like | Singer Shaan's Son Mahi | #Shorts | #Lenskart,Ghaziabad
nr_VNSc2OlI,Lenskart,3,175,9237,2024-07-21T00:00:00.000Z,,https://www.youtube.com/shorts/nr_VNSc2OlI,All About Tinted Sunglasses | #Shorts | #Lenskart,Ranchi
S41H3YXyKhA,Lenskart,1,328,8942,2023-11-04T00:00:00.000Z,,https://www.youtube.com/shorts/S41H3YXyKhA,On Set With Peyush Bansal | Shark Tank India Season 3 | #Shorts | #Lenskart,Ahmedabad
7Z5RFVGOgfs,Lenskart,7,99,3968,2024-07-04T00:00:00.000Z,,https://www.youtube.com/shorts/7Z5RFVGOgfs,These Glasses are LOVED By All | Lenskart Air Pro-Fit | #Shorts | #Lenskart,Ghaziabad
#NAME?,Lenskart,5,126,3971,2024-07-14T00:00:00.000Z,,https://www.youtube.com/shorts/-CBBi71HnIg,How Screen Glasses Work | LIVE DEMO | #Shorts | #Lenskart,Jaipur
-7wfiR1gOHc,Lenskart,4,86,4134,2024-05-30T00:00:00.000Z,,https://www.youtube.com/shorts/-7wfiR1gOHc,The SOLUTION To Your Daily Struggle With Eyeglasses | #Shorts | #Lenskart,Coimbatore
NuPu-_HR4Iw,Lenskart,1,91,4294,2024-07-17T00:00:00.000Z,,https://www.youtube.com/shorts/NuPu-_HR4Iw,Here's Why You Should BUY THESE GLASSES | #Shorts | #Lenskart,Nashik
23acG1UCV04,Lenskart,1,53,4105,2024-07-07T00:00:00.000Z,,https://www.youtube.com/shorts/23acG1UCV04,Best of Lenskart Eyeconic Sale | #Shorts | #Lenskart,Coimbatore
nSZfqzgrPfY,Lenskart,3,71,4244,2023-12-18T00:00:00.000Z,,https://www.youtube.com/shorts/nSZfqzgrPfY,Does your child constant irritation in eyes? | #Shorts | #Lenskart,Pune
_DeCCFKpjVg,Lenskart,3,116,4033,2024-04-02T00:00:00.000Z,,https://www.youtube.com/shorts/_DeCCFKpjVg,Got old glasses? | Here's What To Do | The Big Buyback Festival | #Shorts | #Lenskart,Patna
nPHoHTRr75A,Lenskart,4,107,4249,2024-06-11T00:00:00.000Z,,https://www.youtube.com/shorts/nPHoHTRr75A,This Needs Your ATTENTION!!!!!! | #Shorts | #Lenskart,Nagpur
NqRdzvhtZZQ,Lenskart,1,58,3978,2024-05-23T00:00:00.000Z,,https://www.youtube.com/shorts/NqRdzvhtZZQ,BENGALURU Fans Right Now | #Shorts | #Lenskart,Meerut
rRTzyPCz6as,Lenskart,1,95,4258,2024-06-06T00:00:00.000Z,,https://www.youtube.com/shorts/rRTzyPCz6as,Is Summer Bad For Your Eyes? | #Shorts | #Lenskart,Coimbatore
t6B0n-TbmRw,Lenskart,2,66,4367,2024-05-14T00:00:00.000Z,,https://www.youtube.com/shorts/t6B0n-TbmRw,Signs of a True Hustlr | #Shorts | #Lenskart,Agra
ZRK7BjTGZwQ,Lenskart,1,71,4457,2023-12-30T00:00:00.000Z,,https://www.youtube.com/shorts/ZRK7BjTGZwQ,Mrunal Thakur Slaying The Hustlr Look | Lenskart Hustlr | #Shorts,Jaipur
dGM68MsDnCE,Lenskart,1,165,4405,2024-08-12T00:00:00.000Z,,https://www.youtube.com/shorts/dGM68MsDnCE,TOP 3 Services You Can Avail at Lenskart Store | #Shorts | #Lenskart,Ludhiana
zpH1R6ISBTk,Lenskart,0,88,4366,2024-04-05T00:00:00.000Z,,https://www.youtube.com/shorts/zpH1R6ISBTk,Mrunal Thakur Airport Looks ft. Lenskart | #Shorts | #Lenskart,Chandigarh
MisFQ9k3Gng,Lenskart,1,78,4357,2024-07-13T00:00:00.000Z,,https://www.youtube.com/shorts/MisFQ9k3Gng,Top 5 Eyewear Styles You SHOULD HAVE in Your Collection | #Shorts | #Lenskart,Bhopal
RgJkDZN1eYU,Lenskart,1,90,4184,2024-05-10T00:00:00.000Z,,https://www.youtube.com/shorts/RgJkDZN1eYU,Get Your Eyes Tested At Home | Lenskart At Home | #Lenskart,Bhopal
VgsAiJ3c3KM,Lenskart,1,89,4357,2024-05-27T00:00:00.000Z,,https://www.youtube.com/shorts/VgsAiJ3c3KM,4 Signs You Need Progressive Lenses | #Shorts | #Lenskart,Kolkata
B2UHkAEJ_zI,RukhStar,22,135,4487,2024-07-17T00:00:00.000Z,196000,https://www.youtube.com/watch?v=B2UHkAEJ_zI,????? ??? ??? "LENSKART SCAM? Our Shocking Experience! ??Wrong Size Glasses & Gold Membership Fail!",Ahmedabad
9Q-Gw5uPqGA,Lenskart,0,73,4509,2024-07-23T00:00:00.000Z,,https://www.youtube.com/shorts/9Q-Gw5uPqGA,A Day With These NON-FALLING GLASSES | Lenskart Air Pro-Fit | #Shorts | #Lenskart,Ludhiana
QhwaheSXMpc,Lenskart,2,110,4373,2024-03-07T00:00:00.000Z,,https://www.youtube.com/shorts/QhwaheSXMpc,Take A Look At The Most POPULAR GLASSES | #Shorts | #Lenskart,Aurangabad
hui34ttsfkQ,Lenskart,0,60,3786,2023-12-28T00:00:00.000Z,,https://www.youtube.com/shorts/hui34ttsfkQ,Get To Know Ishaan Khatter In A Minute | #Shorts | #Lenskart,Ghaziabad
NLMOogr8vAA,Lenskart,1,70,3825,2024-02-18T00:00:00.000Z,,https://www.youtube.com/shorts/NLMOogr8vAA,Kids Sunglasses Trends This Season | #Shorts | #Lenskart,Vadodara
Pzr7iFry9jg,Lenskart,1,96,3772,2024-06-21T00:00:00.000Z,,https://www.youtube.com/shorts/Pzr7iFry9jg,Time for Latest Eyewear Shopping | #Shorts | #Lenskart,Bangalore
bklfsnqEuLE,Lenskart,3,78,3826,2023-09-14T00:00:00.000Z,,https://www.youtube.com/shorts/bklfsnqEuLE,Grab Your Favourite Eyewear At Amazing Offers | #Shorts | #Lenskart,Ludhiana
PCTITnplQQA,Lenskart,0,102,3778,2024-06-29T00:00:00.000Z,,https://www.youtube.com/shorts/PCTITnplQQA,Need Glasses that Help with EYE STRAIN? | #Shorts | #Lenskart,Chennai
87PoOaZfPbU,Foodstoriess With Mokshi,2,44,3729,2024-08-25T00:00:00.000Z,,https://www.youtube.com/shorts/87PoOaZfPbU,Did my family approve asian food??? #familyday #longdrive #lenskart #asianfood,Ahmedabad
ew45mLjUFik,Bong lady in Pune,0,51,3742,2024-07-02T00:00:00.000Z,,https://www.youtube.com/shorts/ew45mLjUFik,Met with celebrity stylist at a Lenskart event #shortsvideo #viral #styling #lenskart #shorts,Nashik
YX61uKGEBpk,Lenskart,3,119,3789,2024-03-17T00:00:00.000Z,,https://www.youtube.com/shorts/YX61uKGEBpk,All About MYOPIA CONTROL Lenses For Kids | Hooper Eyewear | #Shorts | #Lenskart,Varanasi
HgAVcRjJu18,Lenskart,1,68,3411,2024-02-14T00:00:00.000Z,,https://www.youtube.com/shorts/HgAVcRjJu18,Every Friend Group Has One Of These | #Shorts | #Lenskart,Chandigarh
lNJMhjLQcYM,Lenskart,2,75,3450,2024-05-31T00:00:00.000Z,,https://www.youtube.com/shorts/lNJMhjLQcYM,Here?s WHAT YOU CAN DO With Your Old Frames | #Shorts | #Lenskart,Ludhiana
YK-iut7_wiE,Lenskart,2,56,3624,2024-05-03T00:00:00.000Z,,https://www.youtube.com/shorts/YK-iut7_wiE,Where Can You Get All These Services | #Shorts | #Lenskart,Nagpur
F_GEqkDUCP4,Lenskart,0,92,3646,2024-08-11T00:00:00.000Z,,https://www.youtube.com/shorts/F_GEqkDUCP4,BEST GLASSES For Your Face Shape | #Shorts | #Lenskart,Rajkot
KVdcZ-0n724,Lenskart,1,61,3546,2023-12-11T00:00:00.000Z,,https://www.youtube.com/shorts/KVdcZ-0n724,The NEW Hustlr Sunglasses | #Lenskart,Gurgaon
ZSRK7KMu38g,Lenskart,3,79,3446,2024-04-11T00:00:00.000Z,,https://www.youtube.com/shorts/ZSRK7KMu38g,Rating Every T20 Team in 2024 | Fan Edition | #Shorts | #Lenskart,Hyderabad
5RrhCCclgtc,Lenskart,2,56,3592,2024-05-19T00:00:00.000Z,,https://www.youtube.com/shorts/5RrhCCclgtc,Main Character Vibes ft. Lenskart Eyewear | #Shorts | #Lenskart,Hyderabad
8gsR8xgDWDQ,Lenskart,0,31,3425,2023-12-31T00:00:00.000Z,,https://www.youtube.com/shorts/8gsR8xgDWDQ,Most Flexible Eyeglasses | Lenskart Flex | #Shorts | #Lenskart,Meerut
62b1Qg6qOMc,Lenskart,1,29,3509,2023-12-24T00:00:00.000Z,,https://www.youtube.com/shorts/62b1Qg6qOMc,Best Last Minute Christmas Shopping | #Shorts | #Lenskart,Delhi
LHGmz9pmWQQ,Lenskart,0,93,3567,2024-06-27T00:00:00.000Z,,https://www.youtube.com/shorts/LHGmz9pmWQQ,How UV Harms Your Eyes | #Shorts | #Lenskart,Ranchi
7otmYz1LxDI,Lenskart,3,60,3666,2024-08-10T00:00:00.000Z,,https://www.youtube.com/shorts/7otmYz1LxDI,The Metal Frames You Should Buy Right Away | #Shorts | #Lenskart,Bangalore
_9XO3a20iuc,Lenskart,0,49,3658,2024-03-22T00:00:00.000Z,,https://www.youtube.com/shorts/_9XO3a20iuc,Protect Your Eyes This Holi With Lenskart Sunnies | #Shorts | #Lenskart,Nashik
Vh81Eo8kshY,Lenskart,1,65,3642,2024-04-21T00:00:00.000Z,,https://www.youtube.com/shorts/Vh81Eo8kshY,Shop For Your Summer Essential ??? | #Shorts | #Lenskart,Meerut
gIxyyZSbk-k,Lenskart,1,75,3659,2024-02-22T00:00:00.000Z,,https://www.youtube.com/shorts/gIxyyZSbk-k,How tough are these shatterproof lenses | #Shorts | #Lenskart,Ludhiana
wVpUggzpMRU,Lenskart,0,62,3725,2024-03-26T00:00:00.000Z,,https://www.youtube.com/shorts/wVpUggzpMRU,The New Pink Colored Hustlr Glasses | Dusty Rose | #Shorts | #Lenskart,Chandigarh
gfcXl7xsmdg,Lenskart,2,93,3686,2024-05-16T00:00:00.000Z,,https://www.youtube.com/shorts/gfcXl7xsmdg,"Old Glasses Out, Surya Kumar Yadav Glasses In | Lenskart Exchange Offer | #Shorts | #Lenskart",Agra
RM8h_OrTNLw,Lenskart,1,87,3833,2024-08-18T00:00:00.000Z,,https://www.youtube.com/shorts/RM8h_OrTNLw,Pick the BEST GIFT For Your Brother This Rakhi | #Shorts | #Lenskart,Ludhiana
MFEZldKaeFw,Lenskart,1,87,3749,2024-03-12T00:00:00.000Z,,https://www.youtube.com/shorts/MFEZldKaeFw,Top Reasons To Shop For Hustlr Glasses | #Shorts | #Lenskart,Indore
6ErXy_AEuGI,Lenskart,1,127,3996,2024-06-10T00:00:00.000Z,,https://www.youtube.com/shorts/6ErXy_AEuGI,How to PROTECT YOUR EYES From Mobile Screen | #Shorts | #Lenskart,Jaipur
XsOO0kCdl6Y,Lenskart,3,123,3851,2024-08-17T00:00:00.000Z,,https://www.youtube.com/shorts/XsOO0kCdl6Y,Why are the Hustlr Glasses a Must Have | #Shorts | #Lenskart,Ludhiana
NrjoVfR5ftw,Lenskart,1,99,3838,2024-05-25T00:00:00.000Z,,https://www.youtube.com/shorts/NrjoVfR5ftw,THINGS YOU NEED TO KNOW About Progressive Lenses | #Shorts | #Lenskart,Mumbai
XXUZu5hL9MU,Lenskart,0,100,3889,2024-03-31T00:00:00.000Z,,https://www.youtube.com/shorts/XXUZu5hL9MU,Shop Pemium LUXURY EYEWEAR at Lenskart Store | #Shorts | #Lenskart,Pune
ZKnk7qRwifQ,Lenskart,1,92,3740,2024-05-30T00:00:00.000Z,,https://www.youtube.com/shorts/ZKnk7qRwifQ,60 Seconds With Pooja Gor | #Shorts | #Lenskart,Coimbatore
Olk7HSgu5uY,Lenskart,1,72,3928,2024-05-01T00:00:00.000Z,,https://www.youtube.com/shorts/Olk7HSgu5uY,Supporting Thala's Team | Chennai | #Shorts | #Lenskart,Pune
C5TMaFP6xxk,Lenskart,0,126,3986,2023-10-26T00:00:00.000Z,,https://www.youtube.com/shorts/C5TMaFP6xxk,Rapid Fire With 'Humsafar' Singer Akhil Sachdeva | #Lenskart,Ranchi
Ha4BanNT8eg,Lenskart,2,115,3952,2024-05-18T00:00:00.000Z,,https://www.youtube.com/shorts/Ha4BanNT8eg,PANTONE Colour Chart ft. Hustlr Glasses | #Shorts | #Lenskart,Bhopal
TKbwZtZbiRQ,Lenskart,3,59,2980,2024-03-13T00:00:00.000Z,,https://www.youtube.com/shorts/TKbwZtZbiRQ,What Do People Think Of The New Lenskart Bendable Eyeglasses | #Shorts | #Lenskart,Noida
mycHIB87EcQ,Lenskart,0,106,3124,2024-01-27T00:00:00.000Z,,https://www.youtube.com/shorts/mycHIB87EcQ,When Should You Get an Eye Check up? | #Shorts | #Lenskart,Visakhapatnam
rcPJWgPSkLo,Lenskart,0,107,3078,2024-06-19T00:00:00.000Z,,https://www.youtube.com/shorts/rcPJWgPSkLo,3 SHOCKING HABITS Ruining Your Eyes | #Shorts | #Lenskart,Delhi
auI32W5KCLY,Sangeeth Jagatheesan,0,0,3035,2024-05-24T00:00:00.000Z,,https://www.youtube.com/shorts/auI32W5KCLY,Lenskart Annanagar Chennai/Samyuktha Shan Cute??Beautiful Soul??#shorts #lenskart#cooler#heeramandi,Visakhapatnam
_jrRCj2aAeU,Lenskart,0,57,3201,2024-05-01T00:00:00.000Z,,https://www.youtube.com/shorts/_jrRCj2aAeU,Salary Has Been Credited | #Shorts | #Lenskart,Hyderabad
LGg--tP5btc,Lenskart,0,54,3150,2024-05-06T00:00:00.000Z,,https://www.youtube.com/shorts/LGg--tP5btc,Everybody LOVES This T20 Team | Chennai | #Shorts | #Lenskart,Pune
KCO3McWQaX4,Lenskart,0,71,3049,2024-03-11T00:00:00.000Z,,https://www.youtube.com/shorts/KCO3McWQaX4,Inside Nehru Planetarium ft. Lenskart Glasses | Space Explorers | #Shorts | #Lenskart,Varanasi
llPHKJPAL3M,Lenskart,1,57,3106,2024-07-29T00:00:00.000Z,,https://www.youtube.com/shorts/llPHKJPAL3M,Offers in Lenskart Eyeconic SALE | #Shorts | #Lenskart,Ghaziabad
WnHCIHxuNrg,Lenskart,3,87,3217,2024-05-26T00:00:00.000Z,,https://www.youtube.com/shorts/WnHCIHxuNrg,Why You Should Switch to Progressive Lenses | #Shorts | #Lenskart,Bhopal
HxoMvKCe9Q0,Lenskart,0,64,3128,2023-12-05T00:00:00.000Z,,https://www.youtube.com/shorts/HxoMvKCe9Q0,Hustlr Sunglasses For Every Mood | #Shorts | #Lenskart,Delhi
ODh4ctSO6ZU,Lenskart,2,59,3268,2024-07-02T00:00:00.000Z,,https://www.youtube.com/shorts/ODh4ctSO6ZU,Get FREE Lenses With Every Frame | Lenskart Eyeconic Sale | #Shorts | #Lenskart,Pune
zgVE2-zi1g8,Lenskart,0,59,3224,2024-07-11T00:00:00.000Z,,https://www.youtube.com/shorts/zgVE2-zi1g8,Best Running Glasses | A Runner's Review | #Shorts | #Lenskart,Aurangabad
3vTPbB_xPis,Lenskart,0,64,3264,2024-03-20T00:00:00.000Z,,https://www.youtube.com/shorts/3vTPbB_xPis,How To Choose Your Contact Lens Color | #Shorts | #Lenskart,Chandigarh
Whc_QqTobQI,wealthwithakki,0,143,3904,2024-08-29T00:00:00.000Z,,https://www.youtube.com/shorts/Whc_QqTobQI,Salman Khan very dashing glasses price ????#salmankhan #lenskart #shortsvideo #ganeshchaturthi #reels,Nagpur
UBHFTjm4fjI,Lenskart,2,85,3247,2024-04-07T00:00:00.000Z,,https://www.youtube.com/shorts/UBHFTjm4fjI,Throwing away old glasses? DON'T! | The Big Buyback Festival | #Shorts | #Lenskart,Hyderabad
70avFTA0gGA,Lenskart,0,49,3226,2024-01-03T00:00:00.000Z,,https://www.youtube.com/shorts/70avFTA0gGA,When Your Mom Says No To Buying Something New | #Shorts | #Lenskart,Delhi
ncwSJrSdUJ0,Lenskart,2,84,3224,2024-03-10T00:00:00.000Z,,https://www.youtube.com/shorts/ncwSJrSdUJ0,Things People With Specs Are Tired Of Hearing | #Shorts | #Lenskart,Nagpur
tUuZPx-LdcA,Lenskart,1,69,3409,2024-08-16T00:00:00.000Z,,https://www.youtube.com/shorts/tUuZPx-LdcA,Top Picks From Lenskart Eyeconic Sale | #Shorts | #Lenskart,Visakhapatnam
qxlURZ7jD7k,Lenskart,6,107,3295,2024-06-08T00:00:00.000Z,,https://www.youtube.com/shorts/qxlURZ7jD7k,No More Sliding Glasses | Lenskart Air Pro-Fit | #Shorts | #Lenskart,Bangalore
UFAHju7Ue4c,Lenskart,0,94,3299,2024-08-03T00:00:00.000Z,,https://www.youtube.com/shorts/UFAHju7Ue4c,Tips to Consider When Buying Progressive Lenses | #Shorts | #Lenskart,Lucknow
jB63bRx6QAk,Lenskart,3,94,3940,2024-04-04T00:00:00.000Z,,https://www.youtube.com/shorts/jB63bRx6QAk,Most Comfortable Eyeglasses for 2024 | Hustlr | #Shorts | #Lenskart,Surat
8OERyf_rAz4,Lenskart,1,100,4069,2024-06-01T00:00:00.000Z,,https://www.youtube.com/shorts/8OERyf_rAz4,Eyewear For All Your Needs | #Shorts | #Lenskart,Coimbatore
vKPTpoW-cz4,Lenskart,0,48,2797,2024-07-14T00:00:00.000Z,,https://www.youtube.com/shorts/vKPTpoW-cz4,Styling Lenskart Hustlr Sunglasses | #Shorts | #Lenskart,Surat
c4uoV5MED1w,Lenskart,3,50,2767,2024-05-13T00:00:00.000Z,,https://www.youtube.com/shorts/c4uoV5MED1w,Must Have Glasses For Your Parents | #Shorts | #Lenskart,Nagpur
uLFg_VNPQKI,Lenskart,1,93,2741,2024-04-01T00:00:00.000Z,,https://www.youtube.com/shorts/uLFg_VNPQKI,Here's What BLUE LIGHT Actually Does To Your Eyes | #Shorts | #Lenskart,Bhopal
FVKBHYhQ8D0,Lenskart,1,62,2723,2024-06-18T00:00:00.000Z,,https://www.youtube.com/shorts/FVKBHYhQ8D0,Best Gifts for Dad | Papa Ke Liye Gift | #Shorts | #Lenskart,Coimbatore
kmSdDniQqoA,Lenskart,2,71,2802,2024-05-05T00:00:00.000Z,,https://www.youtube.com/shorts/kmSdDniQqoA,*ULTIMATE* Office Wear Guide | Hustlr | Office Essentials | #Shorts | #Lenskart,Ludhiana
V3dk9juNCFo,Lenskart,1,63,2765,2024-07-13T00:00:00.000Z,,https://www.youtube.com/shorts/V3dk9juNCFo,Types of Progressive Lenses | #Shorts | #Lenskart,Noida
9tw5OTSEvmU,Lenskart,1,77,2767,2024-08-03T00:00:00.000Z,,https://www.youtube.com/shorts/9tw5OTSEvmU,Unboxing Lenskart Glasses | #Shorts | #Lenskart,Agra
KBWz7MPdmJI,Lenskart,3,94,2837,2024-08-25T00:00:00.000Z,,https://www.youtube.com/shorts/KBWz7MPdmJI,Potterheads NEED TO SEE THIS | #Shorts | #Lenskart,Faridabad
opAmiG6ylZk,Lenskart,2,41,2873,2024-07-07T00:00:00.000Z,,https://www.youtube.com/shorts/opAmiG6ylZk,Wear These Glasses While Practicing YOGA | #Shorts | #Lenskart,Nagpur
W5B5A7QIBs4,Lenskart,1,65,2899,2023-11-19T00:00:00.000Z,,https://www.youtube.com/shorts/W5B5A7QIBs4,The EASIEST Way to Wear Contact Lenses | Aqualens | #Shorts | #Lenskart,Indore
OQykOgRLReE,Lenskart,2,85,2865,2024-07-21T00:00:00.000Z,,https://www.youtube.com/shorts/OQykOgRLReE,Ekdum FREE FREE FREE | #Shorts | #Lenskart,Agra
_03S2XK-xxs,Lenskart,1,38,2888,2024-05-20T00:00:00.000Z,,https://www.youtube.com/shorts/_03S2XK-xxs,Firse Ghum Ho Gaye Chashme | #Shorts | #Lenskart,Jaipur
7vAzjDJ8b_8,Lenskart,2,81,2900,2024-05-17T00:00:00.000Z,,https://www.youtube.com/shorts/7vAzjDJ8b_8,Stop Doing This To Avoid Headaches | #Shorts | #Lenskart,Ghaziabad
UU3Th4r1MrA,Everyday Zindagi,24,84,2935,2024-05-25T00:00:00.000Z,9170,https://www.youtube.com/watch?v=UU3Th4r1MrA,LENSKART SUNGLASSES | UNBOXING | HONEST REVIEW | WAYFARER VS AVIATOR | VINCENT CHASE POLARIZED,Nagpur
SH1gWLfluSk,Lenskart,1,38,2398,2024-05-04T00:00:00.000Z,,https://www.youtube.com/shorts/SH1gWLfluSk,#SPOTTED Mrunal Thakur In Lenskart Sunglasses | #Shorts | #Lenskart,Chennai
h7wCLyZ_398,Lenskart,4,38,2501,2024-07-20T00:00:00.000Z,,https://www.youtube.com/shorts/h7wCLyZ_398,Are You One of Them? | #Shorts | #Lenskart,Meerut
C_Bm_EuQOWA,Lenskart,1,49,2425,2024-01-06T00:00:00.000Z,,https://www.youtube.com/shorts/C_Bm_EuQOWA,Sneak Peek Of The Lenskart Bhiwadi Plant | #Shorts | #Lenskart,Pune
x29rpySb6GA,Lenskart,0,69,2445,2023-10-24T00:00:00.000Z,,https://www.youtube.com/shorts/x29rpySb6GA,Top 4 Reasons To Visit The Lenskart Store | #Shorts | #Lenskart,Chandigarh
yi1qavNKeFU,Lenskart,3,33,2434,2024-06-28T00:00:00.000Z,,https://www.youtube.com/shorts/yi1qavNKeFU,A SALE You Wouldn?t Want to Miss | #Shorts | #Lenskart,Varanasi
bI90Mc6zc2U,Lenskart,5,56,2416,2024-05-10T00:00:00.000Z,,https://www.youtube.com/shorts/bI90Mc6zc2U,Every Mother's FIRST CHOICE | Kids Glasses | #Shorts | #Lenskart,Rajkot
ShQeD2DX2dM,Lenskart,3,47,2232,2024-03-27T00:00:00.000Z,,https://www.youtube.com/shorts/ShQeD2DX2dM,T20 Fan Mania Is Here | #Shorts | #Lenskart,Ahmedabad
hoJmh_j32vM,Lenskart,0,43,2223,2023-09-17T00:00:00.000Z,,https://www.youtube.com/shorts/hoJmh_j32vM,Grab Your Travel Essentials At Your Nearest Lenskart Store | #Shorts | #Lenskart,Indore
TCwXDTG13dk,Lenskart,2,44,2241,2024-07-09T00:00:00.000Z,,https://www.youtube.com/shorts/TCwXDTG13dk,Must Have Sunnies This Season | #Shorts | #Lenskart,Meerut
VLiSqKwqoIk,Lenskart,5,43,2290,2024-08-04T00:00:00.000Z,,https://www.youtube.com/shorts/VLiSqKwqoIk,Happy Friendship Day ft. Lenskart Sunnies | #Shorts | #Lenskart,Chennai
JTh3Iojwc-4,Lenskart,1,45,2287,2024-07-22T00:00:00.000Z,,https://www.youtube.com/shorts/JTh3Iojwc-4,Beat Monday Blues in Style | #Shorts | #Lenskart,Kolkata
C5gxUm-ad90,Lenskart,3,72,2299,2024-03-18T00:00:00.000Z,,https://www.youtube.com/shorts/C5gxUm-ad90,Get Ready For Holi In Lenskart Bestsellers | #Shorts | #Lenskart,Delhi
dzd3Npm3rio,Lenskart,4,41,2266,2024-05-06T00:00:00.000Z,,https://www.youtube.com/shorts/dzd3Npm3rio,HEAR What People Have To Say About Progressive Lenses | #Shorts | #Lenskart,Rajkot
97WbUxPh4BU,Lenskart,2,63,2270,2024-05-21T00:00:00.000Z,,https://www.youtube.com/shorts/97WbUxPh4BU,Ishaan Khatter?s Go-to Choice | #Shorts | #Lenskart,Indore
3q0vXpKoigw,Lenskart,0,36,2386,2024-06-25T00:00:00.000Z,,https://www.youtube.com/shorts/3q0vXpKoigw,The SOLUTION To All Your Eye Problems | #Shorts | #Lenskart,Pune
GN5-mpuPqH0,Lenskart,1,32,2256,2024-06-27T00:00:00.000Z,,https://www.youtube.com/shorts/GN5-mpuPqH0,International Sunglasses Day | #Shorts | #Lenskart,Surat
enYhWiOxQlA,Lenskart,2,52,2383,2024-06-15T00:00:00.000Z,,https://www.youtube.com/shorts/enYhWiOxQlA,Shop Your Perfect Pair of Eyewear | #Shorts | #Lenskart,Gurgaon
6iIj5k9AB2Y,Lenskart,3,38,2291,2024-04-24T00:00:00.000Z,,https://www.youtube.com/shorts/6iIj5k9AB2Y,Sunglasses Matching Your Favourite T20 Team | #Shorts | #Lenskart,Nashik
1XeR55b2BIE,SMS ENTERTAINMENT (sweet memories of sony),0,16,2414,2024-08-18T00:00:00.000Z,,https://www.youtube.com/shorts/1XeR55b2BIE,Humne Saturday kaise gujare#golgappa#ytshorts#golgappe#shorts#lenskart#streetfood#weekend#couple,Delhi
kf_cs-aOofI,Lenskart,2,54,2454,2024-06-09T00:00:00.000Z,,https://www.youtube.com/shorts/kf_cs-aOofI,BEST GLASSES For Gyming | #Shorts | #Lenskart,Patna
4ParAcCeWXo,Lenskart,1,50,2375,2023-11-16T00:00:00.000Z,,https://www.youtube.com/shorts/4ParAcCeWXo,Save Your MONEY | Crazy Lenskart Eyewear Offers | Shop at Up to 60% off | #Shorts | #Lenskart,Faridabad
fwAQysIwqeE,Earning With Tushar,34,0,2215,2024-08-06T00:00:00.000Z,41000,https://www.youtube.com/watch?v=fwAQysIwqeE,Lenskart earning app | Lenskart earning app real or fake | Lenskart app se paise kaise kamaye |,Surat
MNfPPoTB_XI,Lenskart,0,24,2385,2024-07-12T00:00:00.000Z,,https://www.youtube.com/shorts/MNfPPoTB_XI,Eyewear to Grab This Eyeconic SALE | #Shorts | #Lenskart,Faridabad
xeFGSLbu24o,Lenskart,1,36,2443,2024-04-20T00:00:00.000Z,,https://www.youtube.com/shorts/xeFGSLbu24o,People Of Chennai In Summers Be Like | #Shorts | #Lenskart,Hyderabad
MCgmSK4NskM,Tech So,7,14,2236,2024-03-10T00:00:00.000Z,2690,https://www.youtube.com/watch?v=MCgmSK4NskM,Free Lenskart Vincent Chase Eyeglasses Unboxig | Lenskart Hustlr | Lenskart Air | Lenskart Hooper,Nagpur
vdWwYJYcx8o,Lenskart,0,50,2543,2024-04-06T00:00:00.000Z,,https://www.youtube.com/shorts/vdWwYJYcx8o,Unboxing The Shield Shades Collection | Lenskart Unboxing | #Lenskart,Noida
IoUhDnVNh1g,Lenskart,0,44,2576,2024-06-12T00:00:00.000Z,,https://www.youtube.com/shorts/IoUhDnVNh1g,A Women?s Secret Weapon | #Shorts | #Lenskart,Coimbatore
isTFLJskc2k,Lenskart,1,98,2560,2024-06-15T00:00:00.000Z,,https://www.youtube.com/shorts/isTFLJskc2k,TIPS TO PROTECT Your Eyes | #Shorts | #Lenskart,Indore
4jBzBCgUvHk,Lenskart,3,54,2529,2024-08-07T00:00:00.000Z,,https://www.youtube.com/shorts/4jBzBCgUvHk,The Glasses You Need For Daily Wear | #Shorts | #Lenskart,Gurgaon
HMp-7HohD_0,Lenskart,0,60,2566,2024-04-19T00:00:00.000Z,,https://www.youtube.com/shorts/HMp-7HohD_0,Why Buy These Vintage Style Glasses | #Shorts | #Lenskart,Nagpur
TVILF82tdE8,Lenskart,2,43,2520,2024-07-06T00:00:00.000Z,,https://www.youtube.com/shorts/TVILF82tdE8,MUST BUY From Lenskart Eyeconic Sale | #Shorts | #Lenskart,Vadodara
vCuJ8DpOSNo,Lenskart,1,27,2607,2024-06-29T00:00:00.000Z,,https://www.youtube.com/shorts/vCuJ8DpOSNo,FREE LENSES at Lenskart Eyeconic Sale | #Shorts | #Lenskart,Chandigarh
v2atFTEvZyw,RukhStar,0,135,2695,2024-07-18T00:00:00.000Z,,https://www.youtube.com/shorts/v2atFTEvZyw,#minivlog #shorts We went to #lenskart Full video niche link par click kar k dekhe,Ranchi
XU_O4hmPAcM,Prajwal Kule,7,52,1710,2024-04-29T00:00:00.000Z,,https://www.youtube.com/shorts/XU_O4hmPAcM,zero power screen glasses #lenskart #hustle #hustler #jadegreen #lenskarthustler,Mumbai
YoX8xTtF_Ss,Lenskart,0,24,1706,2024-06-23T00:00:00.000Z,,https://www.youtube.com/shorts/YoX8xTtF_Ss,The SOLUTION To Your Tired Eyes | #Shorts | #Lenskart,Agra
OdlOwv_vv0E,Lenskart,0,54,1710,2024-04-30T00:00:00.000Z,,https://www.youtube.com/shorts/OdlOwv_vv0E,Karan Johar Is A Cricket Fan Too | #Shorts | #Lenskart,Meerut
5_iYU_41mVU,Lenskart,0,31,1674,2024-06-26T00:00:00.000Z,,https://www.youtube.com/shorts/5_iYU_41mVU,How to Tell if Contact Lenses Inside Out | #Shorts | #Lenskart,Lucknow
_0BZ92ViP3g,Lenskart,0,51,1772,2024-08-09T00:00:00.000Z,,https://www.youtube.com/shorts/_0BZ92ViP3g,Glasses For Video Gamers | #Shorts | #Lenskart,Nashik
Ax55s650KYU,Lenskart,0,48,1727,2024-06-21T00:00:00.000Z,,https://www.youtube.com/shorts/Ax55s650KYU,Happy International Yoga Day ft. Mihir | #Shorts | #Lenskart,Kolkata
QfEVXyJ9iRg,Sangeeth Jagatheesan,0,0,1667,2024-06-03T00:00:00.000Z,,https://www.youtube.com/shorts/QfEVXyJ9iRg,Lenskart/ Sooseki/Pushpa 2/Saami#shorts #pushpa #lenskart#lenskartsquad #viral #cooler#sooseki #song,Hyderabad
tHMD30vNjP0,Lenskart,1,30,1690,2024-05-02T00:00:00.000Z,,https://www.youtube.com/shorts/tHMD30vNjP0,Convenience Like Never Before | Book #LenskartAtHome | #Shorts | #Lenskart,Indore
Wi-FCWbwtTA,Lenskart,0,33,1748,2024-06-30T00:00:00.000Z,,https://www.youtube.com/shorts/Wi-FCWbwtTA,Contact Lens Myth You Should NOT Believe | #Shorts | #Lenskart,Kolkata
850MNAmU0Zs,Lenskart,1,50,1770,2024-06-03T00:00:00.000Z,,https://www.youtube.com/shorts/850MNAmU0Zs,#HustlrSpotted : Viral Song "Chor" Music Producer | #Shorts | #Lenskart,Ahmedabad
PFD_a7qw9rI,Lenskart,3,46,1777,2024-05-08T00:00:00.000Z,,https://www.youtube.com/shorts/PFD_a7qw9rI,Multifocals That Help You Seamlessly See Near And Far | Progressive Lenses | Lenskart,Coimbatore
U2Yy9ZD0Wz4,Lenskart,0,36,1731,2023-11-25T00:00:00.000Z,,https://www.youtube.com/shorts/U2Yy9ZD0Wz4,People's Go-to Eyewear Choice | Lenskart Testimonials | #Lenskart,Gurgaon
F-pt9nvHTC4,Lenskart,1,28,1856,2024-07-18T00:00:00.000Z,,https://www.youtube.com/shorts/F-pt9nvHTC4,Trendy Sunglasses Every Woman Should Have | #Shorts | #Lenskart,Ludhiana
o0CMOIRp0A4,Lenskart,3,51,1801,2024-07-16T00:00:00.000Z,,https://www.youtube.com/shorts/o0CMOIRp0A4,Win a FREE TRIP TO PARIS | #Shorts | #Lenskart,Faridabad
KhoxZH-WqtQ,Lenskart,1,27,1812,2024-07-10T00:00:00.000Z,,https://www.youtube.com/shorts/KhoxZH-WqtQ,Time to Go On a Shopping Spree with Your Friend | Lenskart Eyeconic Sale | #Shorts | #Lenskart,Aurangabad
ok6bcLpRUog,Lenskart,1,42,1825,2024-04-12T00:00:00.000Z,,https://www.youtube.com/shorts/ok6bcLpRUog,Sunglasses You SHOULD NOT MISS Trying This Summer | #Shorts | #Lenskart,Meerut
bFCSqsllVh0,Lenskart,1,46,1955,2023-11-23T00:00:00.000Z,,https://www.youtube.com/shorts/bFCSqsllVh0,Unboxing The Helios Collection | Lenskart Unboxing | #Shorts,Delhi
eHTVKMHmfDY,Lenskart,3,35,1875,2024-05-17T00:00:00.000Z,,https://www.youtube.com/shorts/eHTVKMHmfDY,BREAKING NEWS | #Shorts | #Lenskart,Ghaziabad
_X9IHUl8IMc,Lenskart,0,64,1882,2024-03-28T00:00:00.000Z,,https://www.youtube.com/shorts/_X9IHUl8IMc,Make The Most Of Your LONG WEEKEND | #Shorts | #Lenskart,Lucknow
eL7LZhJI0qg,Lenskart,0,40,1903,2024-04-11T00:00:00.000Z,,https://www.youtube.com/shorts/eL7LZhJI0qg,FREE Home Eye Test | Lenskart at Home | #Shorts | #Lenskart,Ludhiana
YfcATD5-jD0,Lenskart,1,41,1916,2024-06-14T00:00:00.000Z,,https://www.youtube.com/shorts/YfcATD5-jD0,Lenskart Blu Computer Glasses For Your Eyes | #Shorts | #Lenskart,Indore
gpalE9AuP9I,Lenskart,4,37,1837,2024-05-28T00:00:00.000Z,272000,https://www.youtube.com/watch?v=gpalE9AuP9I,How to Adjust to Progressive Lenses | Tips & Tricks | #Lenskart,Aurangabad
vsJPsUtPzbE,Chasma Wala,25,41,1884,2024-05-25T00:00:00.000Z,2060,https://www.youtube.com/watch?v=vsJPsUtPzbE,Unboxing Lenskart Air Glasses and Review Best Computer Glasses ?@chasmawala786?,Nagpur
TOQw-zPm3sI,Lenskart,2,56,1952,2024-04-06T00:00:00.000Z,,https://www.youtube.com/shorts/TOQw-zPm3sI,Is Your Baby Watching TV ??Everyday? | #Shorts | #Lenskart,Bhopal
GL0BujpMkrU,Lenskart,0,50,2042,2024-08-17T00:00:00.000Z,,https://www.youtube.com/shorts/GL0BujpMkrU,Is Your Eyewear and Outfit Color Coordinated | #Shorts | #Lenskart,Rajkot
4PBlGtopO8M,Lenskart,1,39,1974,2024-04-30T00:00:00.000Z,,https://www.youtube.com/shorts/4PBlGtopO8M,Look AWESOME In These Eyeglasses | #Shorts | #Lenskart,Agra
pa8NPj1I7HM,Lenskart,0,28,985,2024-08-24T00:00:00.000Z,,https://www.youtube.com/shorts/pa8NPj1I7HM,Everyday Style Essentials | Lenskart Hustlr | #Shorts,Patna
#NAME?,Lenskart,1,34,1139,2023-09-24T00:00:00.000Z,,https://www.youtube.com/shorts/-dQfoZR9pfI,How To Wear Contact Lenses | Aqualens Contact Lenses | #Shorts | #Lenskart,Meerut
3vXprp5ly8o,MediaBrief,0,0,1005,2024-08-21T00:00:00.000Z,,https://www.youtube.com/shorts/3vXprp5ly8o,Lenskart's CGI Billboard: A Creative Masterpiece for Independence Day ????,Chandigarh
jbatrn0EkD0,Lenskart,0,24,1098,2024-04-16T00:00:00.000Z,,https://www.youtube.com/shorts/jbatrn0EkD0,The ULTIMATE T20 Quiz | #Shorts | #Lenskart,Ranchi
Cs8Pg5HtFac,Lenskart,0,30,981,2024-06-05T00:00:00.000Z,,https://www.youtube.com/shorts/Cs8Pg5HtFac,What About the ENVIRONMENT? | World Environment Day | #Shorts | #Lenskart,Faridabad
819iNX6nb54,Lenskart,0,20,1187,2024-08-28T00:00:00.000Z,,https://www.youtube.com/shorts/819iNX6nb54,How to Wear Contact Lenses | #Shorts | #Lenskart,Lucknow
btg4bAbfqpU,Lenskart,0,27,1146,2023-09-11T00:00:00.000Z,,https://www.youtube.com/shorts/btg4bAbfqpU,Masaba For John Jacobs | @johnjacobseyewear9648 | #Lenskart,Lucknow
WI4K9-p1DKk,Lenskart,0,48,1106,2024-08-20T00:00:00.000Z,,https://www.youtube.com/shorts/WI4K9-p1DKk,USEFUL TIPS On How to Maintain Eye Health | #Shorts | #Lenskart,Agra
DGH4uLJtAFw,TN Chors Esports,9,19,1211,2024-07-04T00:00:00.000Z,,https://www.youtube.com/shorts/DGH4uLJtAFw,Lenskart John Jacobs with Owndays japanese lens #lenskart #johnjacob #owndays #unboxing,Indore
PHTch2cmSeQ,Lenskart,1,30,1167,2024-06-06T00:00:00.000Z,,https://www.youtube.com/shorts/PHTch2cmSeQ,Unlock Limitless Possibilities | Coming Soon | #Shorts | #Lenskart,Coimbatore
OcHmBayqamM,Lenskart,1,54,1180,2023-11-02T00:00:00.000Z,,https://www.youtube.com/shorts/OcHmBayqamM,Is night time reading ruining your eyesight? | #Shorts | #Lenskart,Vadodara
eM_ER-pL_WM,Lenskart,1,25,1231,2024-07-27T00:00:00.000Z,,https://www.youtube.com/shorts/eM_ER-pL_WM,Travel To Paris For FREE | #Shorts | #Lenskart,Ranchi
jrBsaVXJxms,Lenskart,0,30,1294,2023-09-03T00:00:00.000Z,,https://www.youtube.com/shorts/jrBsaVXJxms,Shop For Your Summer Essential ??? | #Shorts | #Lenskart,Hyderabad
kMiitdE62Gs,Lenskart,0,33,1287,2023-11-29T00:00:00.000Z,,https://www.youtube.com/shorts/kMiitdE62Gs,Your Favourite Hustlr Glasses Are On SALE | Lenskart Eyeconic Sale | #Shorts | #Lenskart,Delhi
7B9Q7aCS0FY,Lenskart,1,33,1487,2024-08-26T00:00:00.000Z,,https://www.youtube.com/shorts/7B9Q7aCS0FY,KNOW THIS Before You Buy | Lenskart AR Filter | #Shorts,Ahmedabad
FvtNlwWrrUs,Lenskart,0,14,1202,2023-09-07T00:00:00.000Z,,https://www.youtube.com/shorts/FvtNlwWrrUs,Eyewear Styles That Will Instantly Enhance Your Look | #Shorts | #Lenskart,Rajkot
#NAME?,Lenskart,0,18,1270,2023-11-30T00:00:00.000Z,,https://www.youtube.com/shorts/-J7prqpfcco,Shatterproof Eyeglasses For Kids | Hooper Memphis | #Shorts | #Lenskart,Vadodara
u1o-ivynkBg,Lenskart,0,38,1313,2023-09-27T00:00:00.000Z,,https://www.youtube.com/shorts/u1o-ivynkBg,Fun Dayout With Mom ft. Lenskart Sunnies | #Shorts | #Lenskart,Jaipur
1EASL8fSxPA,Devang Solanki,4,10,928,2024-08-17T00:00:00.000Z,39,https://www.youtube.com/watch?v=1EASL8fSxPA,Lenskart Buy 1 Get 1 free Eyeglasses Unboxing and Review | Lenskart Eyeglasses | Lenskart Sunglasses,Hyderabad
osTnAIwcoDQ,Crazy Shiv,10,15,1191,2024-07-03T00:00:00.000Z,10400,https://www.youtube.com/watch?v=osTnAIwcoDQ,Lenskart Loot Offer | Lenskart Sale | Blue Cut Working Or Not | Lenskart Eye Test Kaise Hota Hai,Visakhapatnam
1sz_4vDeL1g,Lenskart,5,72,1631,2024-08-23T00:00:00.000Z,,https://www.youtube.com/shorts/1sz_4vDeL1g,REAL Batman Enters Lenskart Office | #Shorts | #Lenskart,Jaipur
rfikYy7eYvI,Lenskart,0,24,1474,2024-07-19T00:00:00.000Z,,https://www.youtube.com/shorts/rfikYy7eYvI,Glasses to wear while doing YOGA | #Shorts | #Lenskart,Agra
Zkt7YlCMfMY,Lenskart,2,54,1467,2023-10-15T00:00:00.000Z,,https://www.youtube.com/shorts/Zkt7YlCMfMY,Get A Change To Win #SuryaKumarYadav Signed Merchandise | #Shorts | #Lenskart,Ranchi
1NoD_1E6snQ,Lenskart,1,30,1460,2024-05-12T00:00:00.000Z,,https://www.youtube.com/shorts/1NoD_1E6snQ,Dear MOM | Mother's Day | #Shorts | #Lenskart,Chennai
PJAegZ9oqxI,Lenskart,1,38,1567,2024-08-23T00:00:00.000Z,,https://www.youtube.com/shorts/PJAegZ9oqxI,How to Match Your Eyewear With Your Outfit | #Shorts | #Lenskart,Faridabad
Q7ZDgUyMFhM,Lenskart,3,40,1444,2024-05-04T00:00:00.000Z,,https://www.youtube.com/shorts/Q7ZDgUyMFhM,Give Your Father The BEST GIFT | Lenskart Progressive Lenses | #Shorts | #Lenskart,Bangalore
HLCF-7yLHlQ,Lenskart,0,42,1483,2024-04-21T00:00:00.000Z,,https://www.youtube.com/shorts/HLCF-7yLHlQ,Choose The BEST Luxury Glasses | #Shorts | #Lenskart,Nashik
zP1NfpL1hqo,Afreen Qureshi,1,10,517,2024-07-16T00:00:00.000Z,,https://www.youtube.com/shorts/zP1NfpL1hqo,Trendy sunglasses from Lenskart #sunglasses #fashion #eyewear #shorts,Hyderabad
QbRtWDunwgs,FoodTravelUnboxingVlog,0,7,534,2024-08-15T00:00:00.000Z,,https://www.youtube.com/shorts/QbRtWDunwgs,lenskart my lens #lenskart #spectacle  #glasses #viral #eye #eyeprotection  #youtube #youtubeshorts,Kolkata
MXztbgzdKMY,Shruthi art and craft,0,15,535,2024-07-20T00:00:00.000Z,,https://www.youtube.com/shorts/MXztbgzdKMY,Lenskart Eye Test at Home #viral #shortsvideo #ytshorts #shorts #lenskart #eyetest #eyetestathome,Delhi
Tq199sfkivA,Aditi Jaiswal,25,20,677,2024-08-24T00:00:00.000Z,,https://www.youtube.com/shorts/Tq199sfkivA,Sunglasses ???? #collegelife #hostellife #goggles #smile #lenskart #love #viral #shorts,Ghaziabad
uLVloeeOYfo,Vishal,0,10,561,2024-07-20T00:00:00.000Z,,https://www.youtube.com/shorts/uLVloeeOYfo,??Lenskart?s Classic Metal Collection #lenskartsquad #lenskartoffers #lenskart trending #spectacle,Nagpur
G0GRKKxb2jo,EYE CARE,0,0,599,2024-04-29T00:00:00.000Z,,https://www.youtube.com/shorts/G0GRKKxb2jo,best Eyewear #lenskart #eyeglasses #glass #eyewear #trending #arc #eyecare,Ludhiana
2HFe-P-ciqo,SURYAANSH NATKHAT,0,11,556,2024-08-20T00:00:00.000Z,,https://www.youtube.com/shorts/2HFe-P-ciqo,Are mil gaya kala chasma ???? lenskart me #chasma #lenskart #kalachashma #ytshorts #shorts #newvideo,Hyderabad
xTbwlYL2_7o,Fashion house ,0,10,615,2024-08-09T00:00:00.000Z,,https://www.youtube.com/shorts/xTbwlYL2_7o,Hooper kids sunglasses from #lenskart #myntrahaul #kidssznglass review #myntrahaul,Kolkata
EqRLyU0gLK0,Nidhi R Nair,2,23,536,2024-07-16T00:00:00.000Z,,https://www.youtube.com/shorts/EqRLyU0gLK0,Finally!!!! Changed my spectacles ?? ?? #lenskart #specs #eyetest #change,Varanasi
24K6WNSR3vU,Upd Vlogs,4,47,553,2024-07-05T00:00:00.000Z,,https://www.youtube.com/shorts/24K6WNSR3vU,Purchased new goggles ??#oneyearchallenge #lenskart #goggles #telugu #minivlog,Surat
ZgqgEfqKk3g,Show with Sajee,0,31,609,2024-08-26T00:00:00.000Z,,https://www.youtube.com/shorts/ZgqgEfqKk3g,Lenskart  Buy 1 get 1 worth offer or not #shorts #ytshorts,Coimbatore
9ADKkXRfsBE,Akash sky vlogs,6,30,668,2024-08-11T00:00:00.000Z,,https://www.youtube.com/shorts/9ADKkXRfsBE,How to get ?Free ka chasma from Lenskart  ??#akashskyvlogs ?#trendingonshorts #tumhareThey,Lucknow
sxa-OiAKqKc,Shinu BB [ Official Channel ] Shahnavaz Khan,0,10,696,2024-05-30T00:00:00.000Z,,https://www.youtube.com/shorts/sxa-OiAKqKc,Unboxing Lenskart New Sunglasses ?????? ShinuBB-Shahnavaz Khan #lenskartsquad #lenskart #influencer,Coimbatore
0g4MnfPSo9I,FoodbyLord,0,18,669,2024-03-22T00:00:00.000Z,,https://www.youtube.com/shorts/0g4MnfPSo9I,Unboxing The New Hustlr Collection | By Lenskart #unboxing #lenskart #hustlr #shorts,Delhi
BYpxwi9jHLw,Sravani Vlogs,0,50,784,2024-05-27T00:00:00.000Z,,https://www.youtube.com/shorts/BYpxwi9jHLw,Unboxing @lenskart ?? ll #shorts #lenskart #unboxing,Gurgaon
svX3_fAXxcg,Rm Optical 1975 ,0,11,814,2024-08-17T00:00:00.000Z,,https://www.youtube.com/shorts/svX3_fAXxcg,VISIT OUR STORE???? #rmoptical #trending #lenskart #comedy #sunglasses #eyewear #viralvideo #youtube,Faridabad
ZWDt06xB9FQ,Versatile Rosh,0,24,817,2024-07-31T00:00:00.000Z,,https://www.youtube.com/shorts/ZWDt06xB9FQ,Vincent Chase Sunglasses by Lenskart ?? #unboxing #review #flipkart #bestsunglasses,Ghaziabad
2a_jf2iSaqI,Divya Tayde,0,12,757,2024-08-22T00:00:00.000Z,,https://www.youtube.com/shorts/2a_jf2iSaqI,"Buy 1 Get 1 Free?? , Anti-glare & Scratch resistant. #lenskart #lenskartoffers #nonsponsered #lenses",Coimbatore
jVDoK8M7WPs,Lenskart,0,23,755,2024-08-22T00:00:00.000Z,,https://www.youtube.com/shorts/jVDoK8M7WPs,AVOID Fashion Mistakes Using This AR Feature | #Shorts | #Lenskart,Bhopal
QK_iVPQ7kPk,Style Head,1,0,848,2024-08-02T00:00:00.000Z,,https://www.youtube.com/shorts/QK_iVPQ7kPk,LENSKART OFFER EXPOSED!! ????|| Buy one get one|| #shortvideo #lenskart,Surat
IwuVXc9XuBU,VJ HUBZZ,17,27,499,2024-07-17T00:00:00.000Z,,https://www.youtube.com/shorts/IwuVXc9XuBU,Shopping vlog?? Part 1 #lenskart #lenskartsquad #lenskartoffers #vlog #dailyvlog #specs#vjhubzz,Delhi
hSMD7qkYP7c,Aishwarya Vamanabhatla,8,28,533,2024-06-05T00:00:00.000Z,,https://www.youtube.com/shorts/hSMD7qkYP7c,Do you think my new spectacles suit me ? #spectacles #lenskart #goviral #ytshorts #youtubeshorts,Mumbai
mGK-6UP27qM,Chill Lifestyle ,0,7,534,2024-05-12T00:00:00.000Z,,https://www.youtube.com/shorts/mGK-6UP27qM,Lenskart Bestselling Transparent Eye Glasses ?? Lenskart Blu | #shorts #lenskart #ytshorts,Rajkot
Di49GF6RTX8,Khyati Malhotra,0,10,537,2024-07-17T00:00:00.000Z,,https://www.youtube.com/shorts/Di49GF6RTX8,The clip on glasses are so cool! #lenskart #viral #shortsviral #shortsfeed #ideas #intelligence #yt,Rajkot
xRsDvh2BnP0,ROZY JAFRI,3,16,606,2024-06-24T00:00:00.000Z,,https://www.youtube.com/shorts/xRsDvh2BnP0,Titan eyewear #shortvideo #shortsviral #youtubeshort #fashion #trending #optical #lenses #lenskart,Visakhapatnam
KpSOY_lVIaA,Nandini Cut2Cut,1,23,511,2024-08-26T00:00:00.000Z,,https://www.youtube.com/shorts/KpSOY_lVIaA,Mini vlog  #Sunday #mallofranchi #lenskart #viralvideo ##blogger #eyecheckup #janmashtami #ranchi,Ghaziabad
HnW3-PY0_wM,Heyappyyy,0,0,561,2024-06-02T00:00:00.000Z,,https://www.youtube.com/shorts/HnW3-PY0_wM,Lenskart ne mere sath kya kia!!! ?????????? ????,Jaipur
dsl52hS4RNQ,Taste & Travel with Jewel,1,9,579,2024-07-21T00:00:00.000Z,,https://www.youtube.com/shorts/dsl52hS4RNQ,kando kande #shortsfeed #reels #shortvideo #bangalore #lenskart,Ludhiana
p05Ju26ffMA,Jr shree dorjee,0,53,524,2024-05-01T00:00:00.000Z,,https://www.youtube.com/shorts/p05Ju26ffMA,Trying new lenskart glasses and he is literally going and checking how he look ?????#lenskart,Lucknow
1SxAWEOi9I0,Pallvi chauhan vlogs,2,27,601,2024-05-18T00:00:00.000Z,,https://www.youtube.com/shorts/1SxAWEOi9I0,Day-91 Aaj mai gyi lenskart ?? #trendingshorts #minivlog #dailyshorts #lenskart,Nagpur
BK9PFPT6hes,  The Lensmart optical ,5,30,723,2024-06-03T00:00:00.000Z,,https://www.youtube.com/shorts/BK9PFPT6hes,BLUE Fillter???? ??????#lens #eye #sunglasses #options #lenskart #optical,Meerut
30OYVdZrFXo,Chasma Wala,19,38,776,2024-08-15T00:00:00.000Z,,https://www.youtube.com/shorts/30OYVdZrFXo,Eyeglasses Repairing Tips #glassesrepair #lenskart #shorts #shortvideo #glasses #bluecut #lenskart,Nashik
SjS-jy_DLiw,Lenskart,3,11,535,2024-08-28T00:00:00.000Z,272000,https://www.youtube.com/watch?v=SjS-jy_DLiw,"#NewLaunch : OwnDays Eyewear, From Tokyo, Japan | #Lenskart",Meerut
vnhwhQLeuxA,Lenskart,0,53,1608,2024-06-25T00:00:00.000Z,,https://www.youtube.com/shorts/vnhwhQLeuxA,What are PROGRESSIVE LENSES? | #Shorts | #Lenskart,Ahmedabad
2rgzF3qyKZQ,Lenskart,0,46,1509,2024-06-07T00:00:00.000Z,,https://www.youtube.com/shorts/2rgzF3qyKZQ,BEST GIFT FOR MOM | #Shorts | #Lenskart,Noida
rco6aroOEhQ,Lenskart,0,41,1511,2024-07-31T00:00:00.000Z,,https://www.youtube.com/shorts/rco6aroOEhQ,What Binge Watching Does to Your Eyes | #Shorts | #Lenskart,Indore
XekxcqwGTg0,Lenskart,2,36,1597,2023-12-01T00:00:00.000Z,,https://www.youtube.com/shorts/XekxcqwGTg0,Lenskart New Collection You Need To Shop For | #Shorts | #Lenskart,Ahmedabad
050jvv8PNsM,Lenskart,3,25,1527,2024-08-15T00:00:00.000Z,,https://www.youtube.com/shorts/050jvv8PNsM,Sunglasses for Every Outfit | #Shorts | #Lenskart,Rajkot
SkhKLplewLY,Lenskart,1,36,1634,2024-06-24T00:00:00.000Z,,https://www.youtube.com/shorts/SkhKLplewLY,Inside the Lenskart Store | #Shorts | #Lenskart,Hyderabad
gHPncheWN-8,Lenskart,0,40,1556,2023-09-24T00:00:00.000Z,,https://www.youtube.com/shorts/gHPncheWN-8,Convenience Of Eye Test At Home | #Lenskart At Home | #Shorts,Kolkata
PhEkmDPYL_c,The Joyful Journey with hema mishra,0,32,1614,2024-07-29T00:00:00.000Z,,https://www.youtube.com/shorts/PhEkmDPYL_c,Pyar Mai Hue Andhe | #minivlog #explorepage #lenskart,Chennai
XYu-kpZ_5xo,??Pagalpanti#Shopping??,0,0,435,2024-08-06T00:00:00.000Z,,https://www.youtube.com/shorts/XYu-kpZ_5xo,customer reviews ??online shopping@pagalpantishopping #lenskart #shorts #shortsfeed#review #online,Visakhapatnam
#NAME?,Sassy Neelu,0,11,445,2024-08-20T00:00:00.000Z,,https://www.youtube.com/shorts/-Dp7UgT7Jvo,Mini vlog #trending #minivlog #youtubeshorts #shortvideo #shorts #ashortaday #lenskart,Chandigarh
2ZzWbeslFnA,Tooniify ,6,11,457,2024-08-18T00:00:00.000Z,,https://www.youtube.com/shorts/2ZzWbeslFnA,Surya dada edit #suryakumaryadav #surya #lenskart #cricket #360degree,Noida
KjHmNXr0MHA,BROWN BEAUTY ,2,13,454,2024-08-25T00:00:00.000Z,,https://www.youtube.com/shorts/KjHmNXr0MHA,lenskart lenses unboxing #shorts #youtube #lenses #viralvideo #lenskart #trending #ytshorts,Vadodara
zWB5Ancyi4U,Awesome Anakapalli,1,0,454,2024-08-08T00:00:00.000Z,,https://www.youtube.com/shorts/zWB5Ancyi4U,lenskart anakapalli | #lenskart #eyewear #reels #viralvideo #viralshorts,Mumbai
9CZZdu4Wea8,Ankita Mrs gorgeous beauty,0,0,456,2024-06-14T00:00:00.000Z,,https://www.youtube.com/shorts/9CZZdu4Wea8,#niasharma #lenskart #youtube #love #makeup #viral #youtubevideos #shortsvideo #eyemakeup #reels,Aurangabad
LV9xoVbJ1jk,GENUINE LIGMA,2,11,447,2024-07-10T00:00:00.000Z,,https://www.youtube.com/shorts/LV9xoVbJ1jk,Unboxing lenskart blu glasses #shorts,Chennai
o8Nypv04uI8,Shukla Agam,2,18,458,2024-07-10T00:00:00.000Z,,https://www.youtube.com/shorts/o8Nypv04uI8,Go to pg in Gurugram #lenskartsquad #lenskart #newsong #song #music #punjabisong #love #gurugram,Chennai
353orzg9nfw,GITASREE ACHARJEE ,0,12,453,2024-07-27T00:00:00.000Z,,https://www.youtube.com/shorts/353orzg9nfw,Lenskart Eye Glass #shorts #lenskart #viral #trending #shortslover #shortsviral #shortsyoutube,Hyderabad
MXGxmQgIo_g,Ananya Raj Karn,0,11,442,2024-06-20T00:00:00.000Z,,https://www.youtube.com/shorts/MXGxmQgIo_g,Aqualense from #lenskart??#subscribe #makeup  #unboxing #newsong #love #music #shortsfeed #bollywood,Nagpur
k54eCqkwdRk,Unboxing alert,2,9,440,2024-08-27T00:00:00.000Z,,https://www.youtube.com/shorts/k54eCqkwdRk,?? Coloured lens under ?99 only aqualens by #lenskart ?? #aqualens #shorts #youtubeshorts #lens,Vadodara
F-OMUjTagiA,Prince Gautam,0,7,476,2024-08-15T00:00:00.000Z,,https://www.youtube.com/shorts/F-OMUjTagiA,Lenskart hustlr sky blue eyeglasses #peyushbansal #lenskart #lenskarthustlr #hustlr #sharktank,Visakhapatnam
-8tFVBfgQfY,Aakhu__,0,0,475,2024-08-09T00:00:00.000Z,,https://www.youtube.com/shorts/-8tFVBfgQfY,shopping from @lenskart ?? #minivlog #ashortaday #yt #shopping #bengalivlog #viralvideo,Ahmedabad
JoPQai8scoQ,ThePrishakumari_,0,14,478,2024-07-30T00:00:00.000Z,,https://www.youtube.com/shorts/JoPQai8scoQ,Lenskart. sunglasses shopping ??? #trendingaudio #lenskart,Ghaziabad
jOdxgmUp6pQ,Mahima Iyer,1,11,473,2024-06-30T00:00:00.000Z,,https://www.youtube.com/shorts/jOdxgmUp6pQ,"Don?t hate it, don?t love it ?? #lenskart #aquacolor #contactlenses #grey",Aurangabad
45HzOQnyvoQ,EYE CARE,0,0,472,2024-08-21T00:00:00.000Z,,https://www.youtube.com/shorts/45HzOQnyvoQ,transparent Eyewear #lenskart #titaneye #glass #fashion #frames,Ahmedabad
DjjzvoDGmls,Shades of Shrey,1,15,476,2024-06-08T00:00:00.000Z,,https://www.youtube.com/shorts/DjjzvoDGmls,SHOULD YOU REALLY CONSIDER BUYING EYEWEAR FROM LENSKART ? #lenskart #shadesofshrey,Patna
tGId14c8Ies,Deepak-GRWM,0,2,497,2024-08-21T00:00:00.000Z,,https://www.youtube.com/shorts/tGId14c8Ies,Lenskart Men?s Sunglasses #menswearstyle #sunglasses #mensfashion #lenskart,Bangalore
OoNGR9_ZpmE,PYAARI SI LIFE VLOG,0,0,491,2024-07-28T00:00:00.000Z,,https://www.youtube.com/shorts/OoNGR9_ZpmE,HOW TO EYE LENS ENHANCE YOUR BEAUTY ?? #eyelenses #lenskart #shorts #howto #viralshorts #trending,Chandigarh
u93-zTl7rpo,TeckNik,3,59,2071,2024-03-16T00:00:00.000Z,,https://www.youtube.com/shorts/u93-zTl7rpo,Unboxing The New Hustlr Polarized  UV Protected Lenskart Sunglasses ?? #shorts #lenskart #hustlr,Bhopal
CB81pC-_uSw,Lenskart,1,36,1980,2024-04-26T00:00:00.000Z,,https://www.youtube.com/shorts/CB81pC-_uSw,Must Have Eyewear for Your Vacation | Travel Essentials | #Shorts | #Lenskart,Coimbatore
uvxc3UZyvlA,Lenskart,1,51,2102,2024-07-24T00:00:00.000Z,,https://www.youtube.com/shorts/uvxc3UZyvlA,Screen Glasses MYTHS DEBUNKED | #Shorts | #Lenskart,Varanasi
O0Vpehg16vs,Lenskart,1,54,1652,2024-01-07T00:00:00.000Z,,https://www.youtube.com/shorts/O0Vpehg16vs,Eye Checkup Schedule For Kids | #Shorts | #Lenskart,Bangalore
kB5p2HsPO74,Roshan Deshmukh,0,13,522,2024-07-21T00:00:00.000Z,,https://www.youtube.com/shorts/kB5p2HsPO74,Lenskart Store Visit Part 1.0 | Lenskart Nearby Store #shorts #lenskart #pune,Visakhapatnam
yTiD7DsDeHk,Lenskart,0,34,2002,2024-06-18T00:00:00.000Z,,https://www.youtube.com/shorts/yTiD7DsDeHk,Glasses for Headaches You Need to Know About | #Shorts | #Lenskart,Delhi
xAaFSueZ8g0,Lenskart,2,57,2087,2024-08-11T00:00:00.000Z,,https://www.youtube.com/shorts/xAaFSueZ8g0,Reasons Lenskart Progressive Lenses are the BEST | #Shorts | #Lenskart,Patna
bOUMEBh8xfk,Exploring Gene,0,38,1321,2024-08-28T00:00:00.000Z,,https://www.youtube.com/shorts/bOUMEBh8xfk,Chashme ka gyan. Night drive specs. #gyan #specs #nightdrive #night #lenskart #hyderabad,Varanasi
Q28UIvVi8AA,Subhu,0,3,38,2024-08-19T00:00:00.000Z,,https://www.youtube.com/shorts/Q28UIvVi8AA,shine your personality with our designer eyewear lenskart!# #eyeglasses #lenskartframe#eyeglassframe,Ranchi
D8M_eXCqzsM,SadiqAndVlogs,3,15,167,2024-07-07T00:00:00.000Z,,https://www.youtube.com/shorts/D8M_eXCqzsM,Lenskart Se First Time Purchase Kiya Computer Glasses #lenskart,Chandigarh
I-0JWlx4Z24,Idle mind speaks,0,5,487,2024-08-30T00:00:00.000Z,,https://www.youtube.com/shorts/I-0JWlx4Z24,Lenskart eyewear,Meerut
3fAFI7uXo8w,Tech Unbox & Review ,0,6,169,2024-07-07T00:00:00.000Z,,https://www.youtube.com/shorts/3fAFI7uXo8w,Lenskart ?? after sale Service ???? ???#lenskart #lenskartreviews #viral #tech #computerglasses,Indore
sLULI2rYCHc,College of Climate Change & Environmental Science ,4,50,482,2024-08-29T00:00:00.000Z,,https://www.youtube.com/shorts/sLULI2rYCHc,LENSKART sponsor ????? Malayalam recitation.. #shortsfeed #shortsvideo,Noida
Z1tXyV4FreM,stately unboxing tech,1,0,676,2024-08-27T00:00:00.000Z,,https://www.youtube.com/shorts/Z1tXyV4FreM,??Ultimate Eye Protection Review: Lenskart Glasses for Unmatched Comfort & Safety"#glasses #unboxing,Chennai
puwJ4wSTO4I,Ashir qamar,2,25,428,2024-08-26T00:00:00.000Z,,https://www.youtube.com/shorts/puwJ4wSTO4I,Exposing lenskart glasses | #funny#viral,Chennai
XDy0I-q83s4,Shachi Kadyan,2,7,176,2024-07-06T00:00:00.000Z,,https://www.youtube.com/shorts/XDy0I-q83s4,Lenskart eye-conic sale #lenskart #sunglasses #eyeglasses,Agra
z08jStuWmko,All in one Tom ,0,7,208,2024-08-27T00:00:00.000Z,,https://www.youtube.com/shorts/z08jStuWmko,unboxing lenskart goggles #unboxing #music,Vadodara
oE9tvQRa9rM,Yamini Parab,0,6,498,2024-08-28T00:00:00.000Z,,https://www.youtube.com/shorts/oE9tvQRa9rM,Aqualens Premium Emerald #colorlenses #aqualens #lenskart #eyewear,Meerut
kmMRQwXwuRM,Bachelors Kitchen????,0,16,432,2024-08-29T00:00:00.000Z,,https://www.youtube.com/shorts/kmMRQwXwuRM,"#Minivlog-11,Ungaluku endha Jewellery puduchirukunu solungo..#dominospizza #Lenskart",Faridabad
PKDAwzC9iVo,Ramdhanu World,0,12,304,2024-08-28T00:00:00.000Z,,https://www.youtube.com/shorts/PKDAwzC9iVo,Lenskart Air Online Bluecut Anti Glare Thin Lens Unboxing,Nagpur
yx5IgIw5PHA,kem cho,0,13,220,2024-06-08T00:00:00.000Z,,https://www.youtube.com/shorts/yx5IgIw5PHA,Day 111 | lenskart have cool sunglasses ?? #viralvideo #vadodaradiaries #lenskart @lenskart,Bangalore
qrQsj1MwH5s,Creator_pradhyumn,0,34,224,2024-07-28T00:00:00.000Z,,https://www.youtube.com/shorts/qrQsj1MwH5s,@lenskart ???? sachme best hai?? #lenskart #minivlog #abandoned #vlog #trending #shorts #yt,Coimbatore
m8tXRulpXHo,Anurag gaming 222,0,4,49,2024-08-15T00:00:00.000Z,10,https://www.youtube.com/watch?v=m8tXRulpXHo,Lenskart hooper glasses review and unboxing #video #glasses #tranding,Vadodara
K6AwENir-hc,Lenskart,3,58,2263,2024-08-30T00:00:00.000Z,,https://www.youtube.com/shorts/K6AwENir-hc,Weekend Shopping Plans | #Shorts | #Lenskart,Ghaziabad
66l83I0IzK4,Lenskart,1,78,2121,2024-08-13T00:00:00.000Z,,https://www.youtube.com/shorts/66l83I0IzK4,Dayout with Mom | #Shorts | #Lenskart,Varanasi
3x4JEGbctYg,Kajal Singh,0,32,317,2024-08-23T00:00:00.000Z,,https://www.youtube.com/shorts/3x4JEGbctYg,Vlog 3 Lenskart ja rahi hu???? #youtubeshorts #vlog #viralvideo #ytshorts #lenskart #shortsfeed,Vadodara
pBh540unGNE,Santwana  Nandani Mishra,1,17,294,2024-06-02T00:00:00.000Z,,https://www.youtube.com/shorts/pBh540unGNE,Visited lenskart Bhopal#bhopal #ytshorts #lenskart,Ranchi
zE2x8RvS0I4,Purnima & Radha Stories ,0,26,274,2024-08-02T00:00:00.000Z,,https://www.youtube.com/shorts/zE2x8RvS0I4,#lenskart #lenskartoffers #freeeyecheckup #1?? #antiglare #uvprotection #polarised #dustproof,Kolkata
F9eew5lp7lg,Lenskart,4,3,175,2024-08-30T00:00:00.000Z,272000,https://www.youtube.com/watch?v=F9eew5lp7lg,Everything You Need To Know About Shopping at Lenskart | Lenskart 101 Guide,Ranchi
z0mtrz5F4OU,Lenskart,2,39,2079,2024-06-17T00:00:00.000Z,,https://www.youtube.com/shorts/z0mtrz5F4OU,New Uses For Old Glasses | #Shorts | #Lenskart,Vadodara
bvOSBoxmJxQ,Lenskart,1,35,2057,2024-04-23T00:00:00.000Z,,https://www.youtube.com/shorts/bvOSBoxmJxQ,Are You Rooting For Kolkata Too? | T20 Fan Mania | #Shorts | #Lenskart,Agra
syYlDTs4QY8,Lenskart,0,44,2094,2024-04-16T00:00:00.000Z,,https://www.youtube.com/shorts/syYlDTs4QY8,MUST HAVE Sleek Metal Eyeglasses For Work | #Shorts | #Lenskart,Ahmedabad
FFVZP6ygN_4,Lenskart,1,49,2059,2024-04-09T00:00:00.000Z,,https://www.youtube.com/shorts/FFVZP6ygN_4,The COOLEST FRAMES of 2024 | #Shorts | #Lenskart,Vadodara
#NAME?,Lenskart,1,35,2112,2024-05-22T00:00:00.000Z,,https://www.youtube.com/shorts/-OGuzXtV-JQ,First Time Table Toppers | T20 | Kolkata | #Shorts | #Lenskart,Agra
T6mKmSapgAQ,Lenskart,0,28,2181,2024-07-17T00:00:00.000Z,,https://www.youtube.com/shorts/T6mKmSapgAQ,How to Put in Contacts Easily | Tutorial | #Shorts | #Lenskart,Mumbai
80RfVvfg7XE,Sanju,0,1,3,2024-08-28T00:00:00.000Z,,https://www.youtube.com/shorts/80RfVvfg7XE,Lenskart Blue Rays Glasses ?? #ytshorts #lenskartoffers #lenskart #lenskartreviews #shorts,Rajkot
qCwHs5Qlzw4,Idle mind speaks,2,0,15,2024-08-30T00:00:00.000Z,,https://www.youtube.com/shorts/qCwHs5Qlzw4,Unboxing lenskart Eyewear #eyeconic sale haul,Bhopal
fJt17YIuhMk,Shweta Thakur,0,4,132,2024-08-29T00:00:00.000Z,,https://www.youtube.com/shorts/fJt17YIuhMk,Got my new glasses. ???? @lenskart #shorts #minivlog,Indore
V64Z9rvWGxs,Saranya,0,7,60,2024-08-28T00:00:00.000Z,,https://www.youtube.com/shorts/V64Z9rvWGxs,Free eyeglass wash???? #singapore #chennai #viralvideo #shorts#lenskart #vivocity #harbourfront,Jaipur
SK0DH7uEM7s,kalpana rana,3,13,137,2024-08-29T00:00:00.000Z,,https://www.youtube.com/shorts/SK0DH7uEM7s,#Day 174 Chasme ki shopping ??? bht dino s due  tha #Lenskart s shopping ??? ?? thnq lovey,Coimbatore
ErlykY0z08Q,Art Gallery ,0,1,9,2024-08-28T00:00:00.000Z,,https://www.youtube.com/shorts/ErlykY0z08Q,LENSKART,Mumbai
JgWEfsl9evk,Lenskartdeaf,0,0,19,2024-08-28T00:00:00.000Z,,https://www.youtube.com/shorts/JgWEfsl9evk,OKALEY-SUNGLASSESS viral shorts in 60 second #viral #shortvideo #ytshorts #ytshortsvideo #lenskart ??,Indore
J-UHDl31WyM,Urvashi Singh Rao,4,1,8,2024-08-30T00:00:00.000Z,,https://www.youtube.com/shorts/J-UHDl31WyM,Lenskart Free Eye Checkup ?? #youtubeshorts #heeriye #trendingshorts,Surat
nshujNNL-U8,Shirish's World,6,16,298,2024-08-30T00:00:00.000Z,,https://www.youtube.com/shorts/nshujNNL-U8,Discover Your Perfect Pair Today | Lenskart,Nashik
4jCyChhzb6w,Lenskartdeaf,0,0,9,2024-08-24T00:00:00.000Z,,https://www.youtube.com/shorts/4jCyChhzb6w,viral shorts in 60 second #viral #shortvideo #ytshorts #ytshortsvideo #lenskart ??,Hyderabad
juqVKwo7dV0,Jacob Mathew,0,0,0,2024-08-30T00:00:00.000Z,2430,https://www.youtube.com/watch?v=juqVKwo7dV0,No More Tired Eyes   Lenskart BLU Screen Glasses,Aurangabad
sQ6-Tui1o60,Tenggrik ff,0,1,18,2024-08-28T00:00:00.000Z,2,https://www.youtube.com/watch?v=sQ6-Tui1o60,lenskart free fiee gaming Tenggrik ff????????????????,Chennai
mtE0FuVUwI4,Lenskartdeaf,0,0,18,2024-08-24T00:00:00.000Z,,https://www.youtube.com/shorts/mtE0FuVUwI4,Follow please viral shorts in 60 second #viral #shortvideo #ytshorts #ytshortsvideo #lenskart ??,Patna
nh1kMxxqqCA,Shirish's World,6,59,3432,2024-08-29T00:00:00.000Z,,https://www.youtube.com/shorts/nh1kMxxqqCA,Lenskart Clipon JJ Flip 218236 #lenskart #spectacle #frames,Gurgaon
rEv_JAglk68,Lenskartdeaf,0,1,18,2024-08-24T00:00:00.000Z,,https://www.youtube.com/shorts/rEv_JAglk68,Frame quality viral shorts in 60 second #viral #shortvideo #ytshorts #ytshortsvideo #lenskart ??,Varanasi
QmLEGr76cX8,Raaaaj Kumaar,0,1,16,2024-08-30T00:00:00.000Z,589,https://www.youtube.com/watch?v=QmLEGr76cX8,lenskart Sun glasses ek k sath ek free by Lenskart ?@lenskart?,Jaipur
0OfZQI0tdOY,Disha Vlogs,0,4,21,2024-08-28T00:00:00.000Z,44,https://www.youtube.com/watch?v=0OfZQI0tdOY,Lenskart ke customer service itne ajeeb kyu hain ?????,Ghaziabad
E14Qp0sAeRQ,Vikas Patidar Vlogs ? 208K views ? 4 hours ago. ,0,5,37,2024-08-27T00:00:00.000Z,1380,https://www.youtube.com/watch?v=E14Qp0sAeRQ,Lenskart Store Visit in Indore | Eyeglasses Shopping Experience & Review ?@VikasPatidarVlogs?,Agra
7oDZoLheeUY,INDIAN PRANK KING,0,2,12,2024-08-29T00:00:00.000Z,51800,https://www.youtube.com/watch?v=7oDZoLheeUY,Lenskart  ????? ?????? ?????,Chennai
M7Mu9Xrl3Lw,Lenskart,0,47,2643,2023-09-10T00:00:00.000Z,,https://www.youtube.com/shorts/M7Mu9Xrl3Lw,GRWM | Get A Classy Look With Contact Lenses | Aqualens | #Lenskart,Visakhapatnam
vqgBc8v1RXQ,Sarkit tech,0,1,12,2024-08-25T00:00:00.000Z,1,https://www.youtube.com/watch?v=vqgBc8v1RXQ,"Lenskart 70%off, Cashback   Loot, Flash swiggy Rs.250 Free Loot, online",Patna
1-tjOEB1Vy8,Hungry Rabbit,10,45,2093,2024-04-05T00:00:00.000Z,857,https://www.youtube.com/watch?v=1-tjOEB1Vy8,Lenskart | Why Lenskart ? | My experience over Lenskart | Buy one get one | Lenskart kerala,Lucknow
4MamI0UThIg,Raaaaj Kumaar,0,1,14,2024-08-30T00:00:00.000Z,,https://www.youtube.com/shorts/4MamI0UThIg,Lenskart ek k sath ek free @lenskart #shorts #contentcreator #youtubeshorts #lenskart #sunglasses,Ranchi
RMjMiEzy-GU,sumitra subba,1,7,264,2024-08-29T00:00:00.000Z,,https://www.youtube.com/shorts/RMjMiEzy-GU,#lenskart#glassesfashion,Ghaziabad
kSFjDlBMnrk,Lenskart karnal,0,1,211,2024-08-30T00:00:00.000Z,,https://www.youtube.com/shorts/kSFjDlBMnrk,much easier!#progressive #progressivelenses #presbyopia #lenskart #eyewear #sunglasses #eyeglass,Lucknow
JvLswp_39BY,Suryakumaeyadav ,0,1,1,2024-08-29T00:00:00.000Z,,https://www.youtube.com/shorts/JvLswp_39BY,Dhaakad Hai ft. Surya Kumar Yadav |#Lenskart #lenskart Surya yadav 1m view,Mumbai
mBwsFcFarxc,BJ NEWAR,1,3,48,2024-08-29T00:00:00.000Z,,https://www.youtube.com/shorts/mBwsFcFarxc,Lenskart Guwahati ?? Verities Collection Available. Visit Store,Ludhiana
_z5NKSgNgEQ,AC Technician Abhijit ?????,0,0,2,2024-08-28T00:00:00.000Z,,https://www.youtube.com/shorts/_z5NKSgNgEQ,#bluestarac #services #lenskart #kolkata #youtubeshorts #viralvideo,Faridabad
ZMdj4s2Ba60,Moyek Tayeng,58,58,626,2024-08-30T00:00:00.000Z,6770,https://www.youtube.com/watch?v=ZMdj4s2Ba60,????? ???????In Delhi City?Certification ??LENSKART??Pass Or Fail??,Delhi
eYsgRO2UYWY,LMCLEAS,0,3,6,2024-08-29T00:00:00.000Z,,https://www.youtube.com/shorts/eYsgRO2UYWY,Lenskart black and silver combination specs.                                #unboxing   #Lenskart,Visakhapatnam
_goikzchfdA,Ehan Sk,0,0,0,2024-08-30T00:00:00.000Z,,https://www.youtube.com/shorts/_goikzchfdA,Lens Is Very Power this business @lenskart power with kids  lens with power by 94948,Bhopal
IvI0wW8J264,Zozolicious,0,4,16,2024-08-30T00:00:00.000Z,19,https://www.youtube.com/watch?v=IvI0wW8J264,Lenskart showroom and shawarma pizza making,Varanasi
ge7fXwUssGU,Suryakumaeyadav ,0,1,3,2024-08-29T00:00:00.000Z,,https://www.youtube.com/shorts/ge7fXwUssGU,Dhaakad Hai ft. Surya Kumar Yadav |#Lenskart yadav ji,Delhi
PdhVOmTIpps,A Rajshree,0,1,1,2024-08-30T00:00:00.000Z,26,https://www.youtube.com/watch?v=PdhVOmTIpps,Lenskart se kiske liye Naya chasma Aya hai,Indore
lHaYIWMnuLQ,Anu Nallanagula,0,0,4,2024-08-30T00:00:00.000Z,602,https://www.youtube.com/watch?v=lHaYIWMnuLQ,Anu hyd ?? nenu ayithe lenskart ki vellina????,Ludhiana
tOq4rvIjTdM,Meriminikahani,0,0,13,2024-08-30T00:00:00.000Z,,https://www.youtube.com/shorts/tOq4rvIjTdM,My first mini vlog (lenskart order) #minivlog #noida #vlog #shorts #meriminikahani #music,Patna
avHSUSUPkiw,Sreejan Das,0,1,75,2024-08-30T00:00:00.000Z,,https://www.youtube.com/shorts/avHSUSUPkiw,Visit To Lenskart?? With My Dad????. #shopping #happy #shorts,Hyderabad
JLQI97_uEaQ,Ranjeet Kumar,0,2,92,2024-08-29T00:00:00.000Z,,https://www.youtube.com/shorts/JLQI97_uEaQ,New eye glasses from LENSKART .         Harry Potter edition #harrypotter #music,Aurangabad
aukJafkMjKc,Fox Digital Techno Services,0,0,59,2024-08-29T00:00:00.000Z,20,https://www.youtube.com/watch?v=aukJafkMjKc,Lenskart: From Startup to Eyewear Giant | #lenskart #lenskartoffers #digitalmarketing #digital,Delhi
bB0ydrs7Wkw,Jacob Mathew,0,0,0,2024-08-30T00:00:00.000Z,2430,https://www.youtube.com/watch?v=bB0ydrs7Wkw,Protect Your Child s Eyes From Digital Eye Strain   Lenskart Screen Glasses,Visakhapatnam
MA6Q35hRFeo,Deepsha vlogs,6,17,161,2024-08-28T00:00:00.000Z,49,https://www.youtube.com/watch?v=MA6Q35hRFeo,mall of dehradun biggest mall of uttarakhand || #trendingshorts #viralvideos #minivlog #lenskart,Indore
F6sCUyjbcJ0,Pshiningstar with Payal World ,1,2,34,2024-08-29T00:00:00.000Z,1130,https://www.youtube.com/watch?v=F6sCUyjbcJ0,Lenskart promotional video #payal #p_shining_stars,Vadodara
Ha7ukzn_dn8,LMCLEAS,0,2,4,2024-08-29T00:00:00.000Z,3,https://www.youtube.com/watch?v=Ha7ukzn_dn8,LMCLEAS UNBOXING Of Lenskart black and silver combination specs,Mumbai
6q6xqR5KBdw,Vikas Patidar Vlogs ? 208K views ? 4 hours ago. ,0,0,1,2024-08-30T00:00:00.000Z,1380,https://www.youtube.com/watch?v=6q6xqR5KBdw,Lenskart store eyeglasses and sunglasses delivery vlog ?@VikasPatidarVlogs?,Mumbai
XV4P1kb2ZKA,Lenskart,0,67,2631,2024-07-25T00:00:00.000Z,,https://www.youtube.com/shorts/XV4P1kb2ZKA,The TOP 5 Trending Sunglasses | #Shorts | #Lenskart,Pune
EoLPOZMTVOc,Suryakumaeyadav ,0,1,3,2024-08-29T00:00:00.000Z,1,https://www.youtube.com/watch?v=EoLPOZMTVOc,Dhaakad Hai ft. Surya Kumar Yadav |#Lenskart ka ????,Surat
MixLNG-yerM,Lenskart,0,77,2678,2024-07-20T00:00:00.000Z,,https://www.youtube.com/shorts/MixLNG-yerM,#SPOTTED Taha Shah at Lenskart Store | Heeramandi Tajdar | #Shorts | #Lenskart,Nagpur
XaqHj-9GbrI,Lenskart,2,56,2694,2024-07-10T00:00:00.000Z,,https://www.youtube.com/shorts/XaqHj-9GbrI,Do SCREEN GLASSES Actually work? - Fact or Fiction | #Shorts | #Lenskart,Visakhapatnam
Bo8zQTNUNuI,Lenskart,4,37,2445,2024-07-11T00:00:00.000Z,272000,https://www.youtube.com/watch?v=Bo8zQTNUNuI,Screen Glasses MYTHS DEBUNKED | #Lenskart,Bhopal
2K-FA1VAoaM,Lenskart,1,62,2680,2023-09-29T00:00:00.000Z,,https://www.youtube.com/shorts/2K-FA1VAoaM,Things To Do With Your BFF This Long Weekend | #Shorts | #Lenskart,Meerut
,,,,,,,,,Bhopal
