id,channelName,likes,url,viewCount,date,numberOfSubscribers,title,commentsCount
0-vw1VsHqj0,Lenskart,36000,https://www.youtube.com/shorts/0-vw1VsHqj0,1186705,2023-11-27T00:00:00.000Z,,Peyush Bansal Introducing The NEW HUSTLR Sunglasses | #Shorts | #Lenskart,508
uqlbJQfsyh8,Lenskart,304000,https://www.youtube.com/shorts/uqlbJQfsyh8,10074092,2023-10-02T00:00:00.000Z,,The Power Of Two In One | Lenskart Air Switch | Lenskart,928
qliIKIsS2hw,Lenskart,3400,https://www.youtube.com/shorts/qliIKIsS2hw,143821,2023-09-11T00:00:00.000Z,,Find The Perfect Eyewear For Your Face Shape | #Shorts | #Lenskart,20
DD4jukYW8XY,Lenskart,34,https://www.youtube.com/shorts/DD4jukYW8XY,1482,2024-08-27T00:00:00.000Z,,Hustlr Sunglasses are a MUST BUY | #Shorts | #Lenskart,0
xoF605OAOxw,Lenskart,670,https://www.youtube.com/shorts/xoF605OAOxw,25209,2023-12-13T00:00:00.000Z,,TOP SELLING Eyewear Collection | Hustlr | #Shorts | #Lenskart,11
R3wrkL4-y8o,Lenskart,1200,https://www.youtube.com/shorts/R3wrkL4-y8o,47082,2024-01-02T00:00:00.000Z,,Do BLUE LIGHT GLASSES work? | Facts To Know | #Shorts | #Lenskart,18
N7pcOW9kNTM,Lenskart,1500,https://www.youtube.com/shorts/N7pcOW9kNTM,63631,2024-02-04T00:00:00.000Z,,Why so many people are talking about these glasses? | #Shorts | #Lenskart,20
hyGEfVtTrv0,Lenskart,1000,https://www.youtube.com/shorts/hyGEfVtTrv0,50152,2024-02-08T00:00:00.000Z,,Best Frame Color For Each Skin Tone | #Shorts | #Lenskart,4
i_OA7Ps8ncY,Lenskart,943,https://www.youtube.com/shorts/i_OA7Ps8ncY,35071,2024-02-05T00:00:00.000Z,,#SPOTTED: Kapil Sharma Wearing Lenskart Air Switch | #Shorts | #Lenskart,7
LdktgZcrKQ0,Lenskart,738,https://www.youtube.com/shorts/LdktgZcrKQ0,41010,2023-09-10T00:00:00.000Z,,Introducing Lenskart Air Switch Grip | #Shorts | #Lenskart,4
g7xLFu6qk_o,Lenskart,571,https://www.youtube.com/watch?v=g7xLFu6qk_o,42266,2024-01-17T00:00:00.000Z,272000,The Pan India Superstar Vibe ft. Karan Johar & Kiara Advani | Glasses Badlo Vibe Badlo | #Lenskart,24
L3SDDNK_tHk,Lenskart,657,https://www.youtube.com/watch?v=L3SDDNK_tHk,50566,2024-05-31T00:00:00.000Z,272000,How Are Progressive Lenses Made | Inside The Lenskart Factory | #Lenskart,56
5_p9wEC6m20,Lenskart,4600,https://www.youtube.com/shorts/5_p9wEC6m20,137420,2024-01-13T00:00:00.000Z,,NEW HUSTLR Color | As Seen On Peyush Bansal | #Shorts | #Lenskart,41
oRRAfrLncSY,Lenskart,857,https://www.youtube.com/shorts/oRRAfrLncSY,35034,2024-01-05T00:00:00.000Z,,Try Out Peyush Bansal's Fav Hustlr Glasses At Lenskart Stores | #Shorts | #Lenskart,7
nZ_xeDVdSnE,Indian Silicon Valley by Jivraj Singh Sachar,294,https://www.youtube.com/shorts/nZ_xeDVdSnE,7530,2024-08-23T00:00:00.000Z,,Why Lenskart is an AMAZING Company Now!,1
atCT_8jPDg8,Backstage with Millionaires,866,https://www.youtube.com/watch?v=atCT_8jPDg8,43587,2024-04-12T00:00:00.000Z,942000,Lenskart Is Building a MEGA FACTORY in Bengaluru - Indian Startup News 204,68
7yH1UU4-3vw,ONE CHANCE,2600,https://www.youtube.com/watch?v=7yH1UU4-3vw,96417,2024-06-25T00:00:00.000Z,691000,"10 Best Sunglasses Under 500/2000 For Men/Women ?? Lenskart, Voyage Sunglass Haul  2024 | ONE CHANCE",94
DZroEe_s3AI,Lenskart,631,https://www.youtube.com/shorts/DZroEe_s3AI,42505,2024-06-02T00:00:00.000Z,,Signs You Need an Eye Exam | #Shorts | #Lenskart,8
FvO_MIImnEE,Lenskart,1500,https://www.youtube.com/shorts/FvO_MIImnEE,38326,2024-02-23T00:00:00.000Z,,How To Choose GLASSES For Your Face Shape | #Shorts | #Lenskart,11
KUZ5t1GSo28,Lenskart,1500,https://www.youtube.com/shorts/KUZ5t1GSo28,52345,2024-07-26T00:00:00.000Z,,Don’t Do This MISTAKE While Buying Glasses | #Shorts | #Lenskart,8
EVAtnscCU50,Lenskart,677,https://www.youtube.com/watch?v=EVAtnscCU50,52899,2024-07-02T00:00:00.000Z,272000,Coating on Lenses | Inside The Lenskart Factory | #Lenskart,66
HcQasECt2tA,Lenskart,1900,https://www.youtube.com/watch?v=HcQasECt2tA,125044,2024-03-05T00:00:00.000Z,272000,Vineeta Peyush Guess Gen Z Slang | Shark Tank India Season 3 | #Lenskart,82
UtFnlYdr1rQ,Lenskart,6800,https://www.youtube.com/shorts/UtFnlYdr1rQ,176887,2023-12-06T00:00:00.000Z,,Peyush Bansal Talks About Lenskart Shatterproof Lenses | #Shorts | #Lenskart,127
CQNCPS3z84M,Lenskart,10000,https://www.youtube.com/shorts/CQNCPS3z84M,276529,2023-09-08T00:00:00.000Z,,Peyush Bansal Unveils Cricket-Ready Hustlr In A Fresh Color | #Lenskart,114
oVWKY4eEokE,Lenskart,2900,https://www.youtube.com/shorts/oVWKY4eEokE,253342,2024-02-17T00:00:00.000Z,,Exchange Your Old Glasses and Buy a New Pair | #Shorts | #Lenskart,7
CVDOG3iQPIY,RAHUL BISHT,252,https://www.youtube.com/watch?v=CVDOG3iQPIY,41997,2024-01-14T00:00:00.000Z,43800,Lenskart buy one get one free eye glasses unboxing and complete review. Free home eye checkup 2024 ??,62
R8gnBXXQVug,Lenskart,477,https://www.youtube.com/watch?v=R8gnBXXQVug,62061,2023-09-09T00:00:00.000Z,272000,Lenskart Air Switch Grip | Magnetic clip-ons. Firm fit. | #Lenskart,34
XwvY_-1W_Kg,Lenskart,460,https://www.youtube.com/shorts/XwvY_-1W_Kg,19695,2024-03-30T00:00:00.000Z,,Comfortable and Cool Eyeglasses You Must Own | #Shorts | #Lenskart,10
e4IfTXBKqcQ,Lenskart,1300,https://www.youtube.com/watch?v=e4IfTXBKqcQ,106519,2023-11-25T00:00:00.000Z,272000,How to Choose GLASSES for Your Face Shape | PRO Guide to How to Pick Glasses Frames | #Lenskart,46
BM9aphdKhiw,EY India,1400,https://www.youtube.com/watch?v=BM9aphdKhiw,77023,2024-08-19T00:00:00.000Z,15500,"Bharat’s Trailblazers - Interview with Neha Bansal, Co-Founder of Lenskart",4
XWO72Vl4LA0,Lenskart,256,https://www.youtube.com/shorts/XWO72Vl4LA0,20374,2023-11-05T00:00:00.000Z,,2 in 1 Sunglasses | Lenskart Air Switch | #Shorts | #Lenskart,5
Nz-k9q0MtwY,Lenskart,1100,https://www.youtube.com/shorts/Nz-k9q0MtwY,23328,2024-02-12T00:00:00.000Z,,Chocolate Mixes Brand Tiggle That Impressed The Sharks | As Seen On Shark Tank | #Shorts | #Lenskart,12
SJbAesSvb_A,Shivani & Shashi,0,https://www.youtube.com/shorts/SJbAesSvb_A,375531,2024-06-15T00:00:00.000Z,,Spects shopping?? #shorts #shortsindia #minivlog #teluguvlogs #telugu #shopping #lenskart #shisha,203
LOyYmmJunDg,Lenskart,891,https://www.youtube.com/shorts/LOyYmmJunDg,25306,2024-03-17T00:00:00.000Z,,How To Avail Lenskart Buyback | The Big Buyback Festival | #Shorts | #Lenskart,17
YRJE6ZBFP8w,Lenskart,632,https://www.youtube.com/shorts/YRJE6ZBFP8w,25516,2024-02-27T00:00:00.000Z,,Hustlr Glasses Worn & Loved By Celebs | #Shorts | #Lenskart,6
3GcUKQt9Lgw,Indian Hustle With Pranav,10000,https://www.youtube.com/shorts/3GcUKQt9Lgw,313410,2024-03-31T00:00:00.000Z,,Is Lenskart Profitable or Not? #shorts,47
qo22S_FJvL4,Lenskart,669,https://www.youtube.com/shorts/qo22S_FJvL4,26397,2023-11-10T00:00:00.000Z,,You Are Cleaning The Glasses The Wrong Way | #Shorts | #Lenskart,6
MgHC3dsTayQ,Lenskart,687,https://www.youtube.com/shorts/MgHC3dsTayQ,25839,2023-09-17T00:00:00.000Z,,All About The New Jade Green Hustlr | #Shorts | #Lenskart,10
j8IN9J46brA,Jay Kapoor,1200,https://www.youtube.com/shorts/j8IN9J46brA,20136,2024-08-20T00:00:00.000Z,,10k ka LensKart Voucher ??,11
IUsghaBk3kw,Lenskart,402,https://www.youtube.com/shorts/IUsghaBk3kw,21127,2024-01-12T00:00:00.000Z,,All You Need To Know About Lenskart Gold Membership | #Shorts | #Lenskart,2
gSIWijGZra4,Lenskart,650,https://www.youtube.com/shorts/gSIWijGZra4,24515,2024-01-27T00:00:00.000Z,,Everything You Need To Know About Lenskart Gold Membership | #Shorts | #Lenskart,14
2yzr_7onYt0,Lenskart,897,https://www.youtube.com/shorts/2yzr_7onYt0,31745,2024-03-21T00:00:00.000Z,,Everything You Need To Know About Lenskart Exchange Offer | #Shorts | #Lenskart,5
hgp1o6eZmkE,Indian Hustle With Pranav,12000,https://www.youtube.com/shorts/hgp1o6eZmkE,426479,2024-04-20T00:00:00.000Z,,How AI Is Helping Lenskart?,74
heUxMS3n6UQ,Lenskart,1200,https://www.youtube.com/shorts/heUxMS3n6UQ,32444,2024-02-04T00:00:00.000Z,,Peyush Bansal Introducing A NEW HUSTLR Color | Electric Green | #Shorts | #Lenskart,19
gMS7pzIKcPU,Lenskart,562,https://www.youtube.com/shorts/gMS7pzIKcPU,20252,2024-02-20T00:00:00.000Z,,Hustlr Glasses Are A Craze Everywhere | #Shorts | #Lenskart,16
jprtseRUJTs,Lenskart,924,https://www.youtube.com/shorts/jprtseRUJTs,29957,2024-02-01T00:00:00.000Z,,Life Of Lenskart Employees | We're Lenskartians | #Shorts | #Lenskart,15
3FAZJbDoQM8,Lenskart,582,https://www.youtube.com/shorts/3FAZJbDoQM8,27063,2024-01-21T00:00:00.000Z,,Try Out the New Armed Forces Inspired Eyewear at #Lenskart | Patriot Collection,4
n0JP5A0VsCA,Sufiyan and Nida,45000,https://www.youtube.com/shorts/n0JP5A0VsCA,913605,2024-07-03T00:00:00.000Z,,Style Maarne Ki Aadat Sufiyan Ki Jaigi Nahi ?? Mini Vlog ?? #shorts #ytshorts #lenskart,94
vF4HPngGvfs,Allen Choudhary,62000,https://www.youtube.com/shorts/vF4HPngGvfs,823432,2024-01-23T00:00:00.000Z,,How to Buy Perfect Sunglasses????#dailyshorts #mensfashion #sunglasses #lenskart #shopping #style,66
pbr0YFdmPT4,Tejasvi Rajput,63000,https://www.youtube.com/shorts/pbr0YFdmPT4,1018695,2024-07-17T00:00:00.000Z,,I got my new glasses! ??? || Tejasvi Rajput || #ytshorts #lenskart #ad,141
3BkIgSBgwD0,Gen-Z Way,60000,https://www.youtube.com/shorts/3BkIgSBgwD0,736846,2024-05-20T00:00:00.000Z,,Lenskart hidden strategy???? #money #buisness #businessideas #marketing #startup,461
p6yctaNsyss,Angkitjoshi,55000,https://www.youtube.com/shorts/p6yctaNsyss,1150036,2024-07-07T00:00:00.000Z,,Lenskart Gift #lenskart  #angkitjoshi #comedy,103
51yhkUyOZoQ,salsabeel vlogs,974,https://www.youtube.com/shorts/51yhkUyOZoQ,32679,2024-03-10T00:00:00.000Z,,Lenskart hustlr Ace || blue cut || #shorts #hustlr #lenskart #sharktank #viral,70
lsQdpg2bN5Y,Lenskart,564,https://www.youtube.com/shorts/lsQdpg2bN5Y,31553,2024-03-23T00:00:00.000Z,,Get Your Sunglasses Cleaned For FREE Post Holi | #Shorts | #Lenskart,4
g9dw1AB5iHg,Lenskart,174,https://www.youtube.com/watch?v=g9dw1AB5iHg,21162,2024-02-02T00:00:00.000Z,272000,5 POWERFUL Reasons Why You Need To Buy Hustlr in Under 1 Minute | #Lenskart,8
pLJg-tyfkHY,SET India,66000,https://www.youtube.com/shorts/pLJg-tyfkHY,1225906,2024-05-02T00:00:00.000Z,,Shark Anupam ?? lenskart ?? owner? #Shorts #SharkTankIndia #AmanGupta #SharkTankIndiaClips #Funny,19
fB88nfnTTzk,Lenskart,261,https://www.youtube.com/shorts/fB88nfnTTzk,15468,2024-02-09T00:00:00.000Z,,Stepping Inside The Lenskart Store Be Like | #Shorts | #Lenskart,3
H8fVrcFv_8A,Lenskart,667,https://www.youtube.com/shorts/H8fVrcFv_8A,16199,2024-02-28T00:00:00.000Z,,#SPOTTED : Sharks in Hustlr Glasses | Shark Tank India | #Shorts | #Lenskart,5
r1Y60AZ1x0g,GrowthX,130000,https://www.youtube.com/shorts/r1Y60AZ1x0g,2688287,2024-02-22T00:00:00.000Z,,How Lenskart Beat Tata?,669
PaKpRU3CiuY,Lenskart,312,https://www.youtube.com/shorts/PaKpRU3CiuY,15268,2024-02-28T00:00:00.000Z,,KARTIK AARYAN Spotted Shopping at the Lenskart Store | #Shorts | #Lenskart,5
b9KZEQRQq1g,Lenskart,493,https://www.youtube.com/shorts/b9KZEQRQq1g,15957,2024-01-24T00:00:00.000Z,,#SPOTTED : Sharks in Hustlr Glasses | Shark Tank India | #Shorts | #Lenskart,6
KdCjKh9uhnU,Lenskart,881,https://www.youtube.com/shorts/KdCjKh9uhnU,15811,2024-03-09T00:00:00.000Z,,We Have A SOLUTION For Your Old Glasses | #GlassesBadloIndiaBadlo | #Shorts | #Lenskart,30
80vU8W0TFfo,Lenskart,757,https://www.youtube.com/shorts/80vU8W0TFfo,16640,2024-01-14T00:00:00.000Z,,Best Foods For Eye Health and Vision | #Shorts | #Lenskart,15
IISYkQ9M1rs,Lenskart,534,https://www.youtube.com/shorts/IISYkQ9M1rs,16099,2024-01-11T00:00:00.000Z,,How To Measure Frame Size At Home | #Shorts | #Lenskart,2
poQYySLiPf4,Lenskart,410,https://www.youtube.com/shorts/poQYySLiPf4,15841,2024-02-24T00:00:00.000Z,,Get To Know All About The New Hustlr ACE | #Shorts | #Lenskart,5
4dvReQ7oKqQ,Lenskart,397,https://www.youtube.com/shorts/4dvReQ7oKqQ,16203,2024-02-29T00:00:00.000Z,,3 Things To AVOID While Wearing Contact Lenses | #Shorts | #Lenskart,5
TXWBz2_32Eo,Lenskart,341,https://www.youtube.com/shorts/TXWBz2_32Eo,16781,2023-12-07T00:00:00.000Z,,FREE Eye Test At Lenskart Store | #Shorts | #Lenskart,4
XVGC5PskcJI,Lenskart,601,https://www.youtube.com/shorts/XVGC5PskcJI,18159,2024-02-16T00:00:00.000Z,,How Lenskart BLU Works | #Shorts | #Lenskart,4
Rmlp8KFDzIE,Lenskart,410,https://www.youtube.com/shorts/Rmlp8KFDzIE,17640,2024-01-01T00:00:00.000Z,,New Hustlr Color At Lenskart Stores | #Shorts | #Lenskart,3
KGDkaT7oT4E,Lenskart,396,https://www.youtube.com/shorts/KGDkaT7oT4E,18210,2024-08-04T00:00:00.000Z,,When Dad Plays a Prank on You ft. Lenskart Progressive Lenses | #Shorts | #Lenskart,2
ZZBtyrajTnA,Chasma Wala,168,https://www.youtube.com/watch?v=ZZBtyrajTnA,17209,2024-05-09T00:00:00.000Z,2060,Unboxing Lenskart Hustlr Eyeglasses  Review Bluecut Computer Glasses ?@chasmawala786?,0
EHKGyrz64po,Lenskart,423,https://www.youtube.com/shorts/EHKGyrz64po,17880,2024-03-03T00:00:00.000Z,,Hustlr Glasses Now Available In DIFFERENT SIZES | #Shorts | #Lenskart,5
yyiJmKBuosk,Lenskart,323,https://www.youtube.com/shorts/yyiJmKBuosk,19247,2024-01-31T00:00:00.000Z,,How to Choose the Best Frame for Yourself | #Shorts | #Lenskart,1
cS3g11kSJuE,Lenskart,311,https://www.youtube.com/shorts/cS3g11kSJuE,17010,2023-09-22T00:00:00.000Z,,3 Glasses Fir Kids Who Are Going Back To School | #Shorts | #Lenskart,6
GCcgwe8VSXM,Lenskart,339,https://www.youtube.com/shorts/GCcgwe8VSXM,18323,2024-05-24T00:00:00.000Z,,Unbreakable Eyeglasses Are For Real | Lenskart Air Flex | #Shorts | #Lenskart,5
S0KwiCKFiPE,Lenskart,287,https://www.youtube.com/shorts/S0KwiCKFiPE,18796,2024-02-27T00:00:00.000Z,,Majnu Bhai Inspired Glasses | Welcome | Anil Kapoor | #Shorts | #Lenskart,2
z76SzKYhgWI,Lenskart,498,https://www.youtube.com/shorts/z76SzKYhgWI,19536,2024-04-28T00:00:00.000Z,,The Power Of Two In One | Lenskart Air Switch | #Shorts | #Lenskart,5
1XikCrnprCw,Sahil Khan NT,405000,https://www.youtube.com/shorts/1XikCrnprCw,9059672,2024-05-28T00:00:00.000Z,,Who is the owner of Lenskart? Funny GK Question Challenge For World's Largest Pizza??P-1#gkchallenge,1650
pm47-12Odqg,Lenskart,206,https://www.youtube.com/shorts/pm47-12Odqg,11090,2024-04-17T00:00:00.000Z,,Unboxing The Best Glasses For Your Child | #Shorts | #Lenskart,4
Yjjeh0tY0Hs,Lenskart,269,https://www.youtube.com/shorts/Yjjeh0tY0Hs,12416,2023-12-20T00:00:00.000Z,,Look Who Joined The Trend | #Shorts | #Lenskart,3
QfT-9etxkEU,Lenskart,390,https://www.youtube.com/shorts/QfT-9etxkEU,12724,2024-06-02T00:00:00.000Z,,Best Glasses For Four FACE SHAPE | #Shorts | #Lenskart,4
kuecIPOMCg8,Lenskart,336,https://www.youtube.com/shorts/kuecIPOMCg8,12056,2024-03-25T00:00:00.000Z,,Types Of People On #Holi ft. Lenskart Sunnies | Happy Holi | #Shorts | #Lenskart,2
wy_VV7noQs4,Lenskart,208,https://www.youtube.com/shorts/wy_VV7noQs4,11551,2024-02-17T00:00:00.000Z,,Buy the Lenskart Glasses at Buy 1 Get 1 Offer | MUST WATCH | #Shorts | #Lenskart,3
fTW7ClmdAko,Lenskart,869,https://www.youtube.com/shorts/fTW7ClmdAko,12218,2024-08-21T00:00:00.000Z,,What's Your Screen Time????? | #Shorts | #Lenskart,2
oAjsPExnkRs,Lenskart,436,https://www.youtube.com/shorts/oAjsPExnkRs,12855,2023-09-02T00:00:00.000Z,,3 Yoga Exercises For Healthy Eyes | #Shorts | #Lenskart,2
JIVGq3Jk9Fs,Lenskart,266,https://www.youtube.com/shorts/JIVGq3Jk9Fs,12127,2024-01-28T00:00:00.000Z,,FREE Services at the Lenskart Store | #Shorts | #Lenskart,1
4eilgmE4Li0,Lenskart,185,https://www.youtube.com/shorts/4eilgmE4Li0,12039,2024-01-30T00:00:00.000Z,,#SPOTTED : Tanmay Bhatt Wearing Hustlr on Koffee With Karan | #Shorts | #Lenskart,3
5Jtn8qcjRTI,Lenskart,275,https://www.youtube.com/shorts/5Jtn8qcjRTI,12433,2024-02-26T00:00:00.000Z,,What Is The Hot Air Balloon Eye Test | #Shorts | #Lenskart,9
n-3Ix4qCv1Q,Lenskart,333,https://www.youtube.com/shorts/n-3Ix4qCv1Q,13172,2024-03-02T00:00:00.000Z,,You SHOULD NOT MISS This | The Big Buyback Festival | #Shorts | #Lenskart,4
lFrtK3FQqL8,Lenskart,210,https://www.youtube.com/shorts/lFrtK3FQqL8,12456,2024-08-24T00:00:00.000Z,,A Day in the Life of a College Student ft. Lenskart Screen Glasses | #Shorts,0
S4zq1zBieSo,Lenskart,506,https://www.youtube.com/shorts/S4zq1zBieSo,12853,2024-04-14T00:00:00.000Z,,Types of T20 Cricket Fans | T20 Fan Mania | #Shorts | #Lenskart,5
#NAME?,Lenskart,428,https://www.youtube.com/shorts/-nnPU3-RMD8,11303,2024-07-26T00:00:00.000Z,,Buy Progressive Lenses on SALE | #Shorts | #Lenskart,1
7K29YKs-vHc,Shark Tank India,1700,https://www.youtube.com/watch?v=7K29YKs-vHc,135040,2024-07-29T00:00:00.000Z,3360000,Isak Perfume ?? Owner ?? ????? Peyush ?? ???? ?? ????? 'Welcome To Lenskart' | Individual Shark Wins,107
4ML6QA-LvWw,Lenskart,384,https://www.youtube.com/shorts/4ML6QA-LvWw,13816,2024-05-28T00:00:00.000Z,,3 Must Have College Essentials | #Shorts | #Lenskart,1
_gyl05VZ1mc,Lenskart,260,https://www.youtube.com/shorts/_gyl05VZ1mc,14344,2024-02-11T00:00:00.000Z,,3 Eye Glasses LIFE HACKS and Glasses Tips | #Shorts | #Lenskart,1
UckMOpdSwZE,Lenskart,728,https://www.youtube.com/shorts/UckMOpdSwZE,13816,2024-03-04T00:00:00.000Z,,Get Your Glasses Delivered Within 30 Minutes | #Shorts | #Lenskart,12
VWZxKrqElIU,Lenskart,262,https://www.youtube.com/shorts/VWZxKrqElIU,14935,2024-02-18T00:00:00.000Z,,3 SOLUTIONS For Headache From New Glasses | #Shorts | #Lenskart,1
XOm9cRLFNUw,Lenskart,572000,https://www.youtube.com/shorts/XOm9cRLFNUw,15544496,2023-11-20T00:00:00.000Z,,Peyush Bansal Talks About The Eyewear Innovation At Lenskart | #Shorts | #Lenskart,5145
TpGL_nmw3d0,Lenskart,387,https://www.youtube.com/shorts/TpGL_nmw3d0,13556,2023-11-12T00:00:00.000Z,,Things You Need To Know About Lenskart Hustlr Eyeglasses | #Shorts | #Lenskart,10
WJq95WwgONw,Lenskart,355,https://www.youtube.com/shorts/WJq95WwgONw,14731,2024-02-20T00:00:00.000Z,,What Are The Benefits of Using Computer Glasses | #Shorts | #Lenskart,4
l4e-t4jiL2Q,GrowthX,3000,https://www.youtube.com/watch?v=l4e-t4jiL2Q,217181,2024-02-15T00:00:00.000Z,358000,Lenskart vs Titan: How Lenskart Defeated a TATA Brand | GrowthX Wireframe,163
Po0CZrA1qCQ,Lenskart Singapore,3300,https://www.youtube.com/watch?v=Po0CZrA1qCQ,265781,2024-03-26T00:00:00.000Z,385,Lenskart - Make the Switch,0
fvxi595UYTA,Lenskart,392,https://www.youtube.com/shorts/fvxi595UYTA,9580,2024-08-05T00:00:00.000Z,,How To Take Care of Your Glasses | TIPS & TRICKS | #Shorts | #Lenskart,3
BfpFoIhvmTI,Lenskart,212,https://www.youtube.com/shorts/BfpFoIhvmTI,10196,2024-07-14T00:00:00.000Z,,HOW USEFUL are the Screen Glasses | Lenskart BLU | #Shorts | #Lenskart,1
veCFsTncy7c,Lenskart,234,https://www.youtube.com/shorts/veCFsTncy7c,9792,2023-12-27T00:00:00.000Z,,Buy 1 Get 1 FREE On Lenskart Sunglasses | #Shorts | #Lenskart,2
Zs9RAHWi8aM,Lenskart,207,https://www.youtube.com/shorts/Zs9RAHWi8aM,9882,2024-04-13T00:00:00.000Z,,Kids Friendly Glasses | Flexible & Bendable Eyeglasses | #Shorts | #Lenskart,3
r_hbBScBk_s,Lenskart,189,https://www.youtube.com/shorts/r_hbBScBk_s,10208,2023-09-25T00:00:00.000Z,,Grab The Best Offers At Your Nearest Lenskart Store | #Shorts | #Lenskart,3
3MGIk-N-MwQ,Lenskart,329,https://www.youtube.com/shorts/3MGIk-N-MwQ,10180,2024-03-13T00:00:00.000Z,,What To Do With Your Old Glasses | #Shorts | #Lenskart,1
iQXr_mln95U,Lenskart,213,https://www.youtube.com/shorts/iQXr_mln95U,9740,2024-01-29T00:00:00.000Z,,Things You Need To Know About Lenskart Hustlr Eyeglasses | #Shorts | #Lenskart,5
J5fCMaEejy8,Lenskart,236,https://www.youtube.com/shorts/J5fCMaEejy8,9537,2023-12-07T00:00:00.000Z,,Shark Tank India Season 3 Coming Soon | Peyush Bansal | #Lenskart,2
CGDFbdQCUis,Lenskart,145,https://www.youtube.com/shorts/CGDFbdQCUis,9913,2023-12-14T00:00:00.000Z,,Why You Need Powered Sunglasses | #Shorts | #Lenskart,0
YBpeagaLF48,Lenskart,147,https://www.youtube.com/shorts/YBpeagaLF48,10415,2023-12-14T00:00:00.000Z,,Lenskart Gold Rush SALE IS BACK | #Shorts | #Lenskart,1
pLo59SzUyiI,Lenskart,266,https://www.youtube.com/shorts/pLo59SzUyiI,10592,2024-02-02T00:00:00.000Z,,Should You Buy Polarised Sunglasses? | #Shorts | #Lenskart,3
dcZO6BV4fIo,Lenskart,174,https://www.youtube.com/shorts/dcZO6BV4fIo,10767,2024-01-28T00:00:00.000Z,,Choosing the Right Eyeglasses According To Your Hair Color | #Shorts | #Lenskart,0
xF1arptgS8Y,Lenskart,327,https://www.youtube.com/shorts/xF1arptgS8Y,11224,2023-09-01T00:00:00.000Z,,Must Have Colored Contact Lenses For Every Bride To Be | #Shorts | #Lenskart,5
p_WeBO26q3Y,Lenskart,140,https://www.youtube.com/shorts/p_WeBO26q3Y,10712,2024-04-03T00:00:00.000Z,,Why Progressive Lenses Are Gaining Popularity | #Shorts | #Lenskart,5
fixAx7c_bxI,Lenskart,214,https://www.youtube.com/shorts/fixAx7c_bxI,10774,2024-05-09T00:00:00.000Z,,Things You'll Relate To If You Wear Eyeglasses | Lenskart,3
23DLj7LAa8g,Lenskart,258,https://www.youtube.com/shorts/23DLj7LAa8g,11002,2023-11-15T00:00:00.000Z,,Types Of Lenses | #Shorts | #Lenskart,0
v0HN6SptvSM,Lenskart,112,https://www.youtube.com/shorts/v0HN6SptvSM,10223,2024-02-10T00:00:00.000Z,,Most FAMOUS GAME Of The Year 2024 | #Shorts | #Lenskart,2
Q2yABJMED9A,Shark Tank India,10000,https://www.youtube.com/watch?v=Q2yABJMED9A,541722,2024-02-22T00:00:00.000Z,3360000,Shark Amit ?? ‘Intense Focus’ ?? ???? Lenskart ?? Compare | Shark Tank India S3 | Full Pitch,371
zRZIVLjNHzY,Lenskart,713,https://www.youtube.com/watch?v=zRZIVLjNHzY,342199,2024-06-08T00:00:00.000Z,272000,No More Tired Eyes | Lenskart BLU Screen Glasses,23
FgD2RhBc2B0,Amma Kuthuru,161,https://www.youtube.com/watch?v=FgD2RhBc2B0,10863,2023-10-27T00:00:00.000Z,926,Lenskart Glasses unboxing & review | ?????? ?? | Free eye test | Aqualens | Sunglasses | Eyeglasses,18
AV8LYlSnzzY,Lenskart,139,https://www.youtube.com/shorts/AV8LYlSnzzY,11048,2023-12-16T00:00:00.000Z,,Why You Should Try Out The New Hustlr Sunglasses | #Shorts | #Lenskart,1
VM7GGk_4SXk,Lenskart,196,https://www.youtube.com/shorts/VM7GGk_4SXk,7430,2024-06-01T00:00:00.000Z,,These Glasses are NOT EXPENSIVE AT ALL | #Shorts | #Lenskart,3
vupGRIJSzuI,Lenskart,109,https://www.youtube.com/shorts/vupGRIJSzuI,7379,2024-04-25T00:00:00.000Z,,Hustlr Glasses SUPER FAST DELIVERY | #Shorts | #Lenskart,1
3UzaQBaY2Ug,Lenskart,108,https://www.youtube.com/shorts/3UzaQBaY2Ug,7064,2024-02-03T00:00:00.000Z,,Galentines Day ft. Lenskart Sunnies | #Shorts | #Lenskart,3
Unk9MYiw_xc,Lenskart,173,https://www.youtube.com/shorts/Unk9MYiw_xc,7414,2024-03-28T00:00:00.000Z,,You SHOULD NOT MISS This Opportunity | #Shorts | #Lenskart,0
Wg_oIeyA0Cg,Lenskart,211,https://www.youtube.com/shorts/Wg_oIeyA0Cg,7603,2024-08-20T00:00:00.000Z,,Eyewear Styles You Will NOT Find Anywhere Else | #Shorts | #Lenskart,7
ce2fSyIjxy4,Lenskart,184,https://www.youtube.com/shorts/ce2fSyIjxy4,7307,2024-01-16T00:00:00.000Z,,#SPOTTED : Avneet Kaur Wearing Lenskart Hustlr Glasses | #Shorts | #Lenskart,4
jTxMuBu7Ajo,Lenskart,185,https://www.youtube.com/shorts/jTxMuBu7Ajo,11063,2024-01-31T00:00:00.000Z,,Coolest Sunglasses For Men Trending Right Now | #Shorts | #Lenskart,4
ayxv4_N3sys,Lenskart,211,https://www.youtube.com/shorts/ayxv4_N3sys,7064,2024-04-03T00:00:00.000Z,,Peyush Bansal in Conversation With Ronnie Screwvala | Shark Tank India | #Shorts | #Lenskart,3
4_oBzD75iZM,Lenskart,226,https://www.youtube.com/shorts/4_oBzD75iZM,7580,2024-07-03T00:00:00.000Z,,Reasons to Buy Hustlr Glasses | #Shorts | #Lenskart,11
4CG95Dsy6LQ,Lenskart,205,https://www.youtube.com/shorts/4CG95Dsy6LQ,7763,2024-04-17T00:00:00.000Z,,What To Do With Old Glasses? | TOP TIPS | #Shorts | #Lenskart,3
7qnUmOZoZXU,Lenskart,185,https://www.youtube.com/shorts/7qnUmOZoZXU,7691,2024-02-12T00:00:00.000Z,,Glasses To Wear On Your Next Date | #Shorts | #Lenskart,2
IQU9RlKdlT4,Lenskart,182,https://www.youtube.com/shorts/IQU9RlKdlT4,7679,2024-01-05T00:00:00.000Z,,How to fix glasses that slide down the nose? | #Shorts | #Lenskart,1
_zIu8OU03wU,Lenskart,136,https://www.youtube.com/shorts/_zIu8OU03wU,7711,2024-01-23T00:00:00.000Z,,Getting Ready for College ft. Lenskart Hustlr Glasses | #Shorts | #Lenskart,0
PBgTbrH_UOo,Lenskart,154,https://www.youtube.com/shorts/PBgTbrH_UOo,7844,2024-04-28T00:00:00.000Z,,This Will Leave You SHOCKED | #Shorts | Lenskart Buyback | #Shorts | #Lenskart,3
Z2bC4XVmNGY,Lenskart,188,https://www.youtube.com/shorts/Z2bC4XVmNGY,8244,2024-03-08T00:00:00.000Z,,All New Colors Of Hustlr At The Lenskart Store | #Shorts | #Lenskart,4
c8v1fwRIe9I,Lenskart,236,https://www.youtube.com/shorts/c8v1fwRIe9I,8011,2023-11-24T00:00:00.000Z,,Things To Do At Lenskart Store | Lenskart Eyeconic Sale | #Shorts | #Lenskart,1
WpoWALOhNOg,Lenskart,123,https://www.youtube.com/shorts/WpoWALOhNOg,7920,2024-02-13T00:00:00.000Z,,Best Selling Eyeglasses For Kids in India | #Shorts | #Lenskart,2
i31Pbd7JpmM,Lenskart,63,https://www.youtube.com/watch?v=i31Pbd7JpmM,7207,2024-05-11T00:00:00.000Z,272000,3 Services FREE On Lenskart Right Now | Best Gift for Moms | #Lenskart,1
mn5IwRlCzI0,kooL Tech,269,https://www.youtube.com/watch?v=mn5IwRlCzI0,7295,2024-08-25T00:00:00.000Z,189000,"Lenskart 70% Off, Fi Cashback Looot, Flash Swiggy Rs.250 Free Loot, Online Shopping Loot Offers",71
hR0yzTrsETQ,Lenskart,136,https://www.youtube.com/shorts/hR0yzTrsETQ,6984,2024-02-24T00:00:00.000Z,,LATEST Eyewear At The Lenskart Store Right Now | #Shorts | #Lenskart,2
zoGV1TRQjlQ,Lenskart,151,https://www.youtube.com/shorts/zoGV1TRQjlQ,8268,2024-02-07T00:00:00.000Z,,The NEON GLASSES You Must Buy Right Now | #Shorts | #Lenskart,3
06kEPiVKUxE,Lenskart,436,https://www.youtube.com/shorts/06kEPiVKUxE,8275,2024-02-15T00:00:00.000Z,,SURPRISING NANI | Valentine's Day Special | #Shorts | #Lenskart,5
tRyqpXx6zvk,Lenskart,399,https://www.youtube.com/shorts/tRyqpXx6zvk,8295,2024-06-22T00:00:00.000Z,,5 TIPS To Have Healthy Eyes | #Shorts | #Lenskart,1
PmQkGLx1wDU,Lenskart,100,https://www.youtube.com/shorts/PmQkGLx1wDU,5865,2024-06-16T00:00:00.000Z,,Pilates Workout ft. Lenskart Glasses | #Shorts | #Lenskart,3
kZ8itQCO96Q,Lenskart,191,https://www.youtube.com/shorts/kZ8itQCO96Q,5935,2024-08-02T00:00:00.000Z,,Weekend Shopping Plans | #Shorts | #Lenskart,3
1qqP8G02yII,Lenskart,116,https://www.youtube.com/shorts/1qqP8G02yII,5809,2024-07-06T00:00:00.000Z,,Services at Lenskart Store You SHOULDN'T MISS | #Shorts | #Lenskart,0
V28WXJavwBI,Lenskart,94,https://www.youtube.com/shorts/V28WXJavwBI,5742,2023-12-09T00:00:00.000Z,,Grab Your Fav Shark's Hustlr Eyeglasses At FLAT 60% Off | #Shorts | #Lenskart,0
0_ylWu9Ze0o,Lenskart,41,https://www.youtube.com/shorts/0_ylWu9Ze0o,5786,2024-06-22T00:00:00.000Z,,When Moms Want to Relax | #Shorts | #Lenskart,0
ne-AUM9psoU,Lenskart,221,https://www.youtube.com/shorts/ne-AUM9psoU,6066,2024-08-11T00:00:00.000Z,,Peyush and Jeremie on Le Petit Lunetier | #Shorts | #Lenskart,6
7GpYaO8VoM4,Lenskart,98,https://www.youtube.com/shorts/7GpYaO8VoM4,6020,2024-06-30T00:00:00.000Z,,Eyewear Styles at BEST PRICES | Lenskart Store | #Shorts | #Lenskart,4
GDhymUueiBM,Lenskart,116,https://www.youtube.com/shorts/GDhymUueiBM,6072,2024-03-14T00:00:00.000Z,,Lenskart HOLI SALE Is Here | #Shorts | #Lenskart,3
rEyFidTjGnc,Lenskart,179,https://www.youtube.com/shorts/rEyFidTjGnc,6172,2024-07-28T00:00:00.000Z,,A Day of Using Screen Glasses | #Shorts | #Lenskart,2
s38254RO9PI,Lenskart,186,https://www.youtube.com/shorts/s38254RO9PI,6036,2024-02-25T00:00:00.000Z,,Unboxing The ULTIMATE Kids Superhero Sunglasses | Batman | DC X Lenskart | #Shorts | #Lenskart,6
olHGm-gUAZ8,Lenskart,102,https://www.youtube.com/watch?v=olHGm-gUAZ8,7166,2024-06-18T00:00:00.000Z,272000,The Solution to Screen Time Eye Strain | Lenskart Screen Glasses,11
O327nTCIP_4,Lenskart,138,https://www.youtube.com/shorts/O327nTCIP_4,6256,2024-01-14T00:00:00.000Z,,SAVINGS at the Lenskart Gold Rush Sale | #Shorts | #Lenskart,2
FoSASdfBlsA,Lenskart,78,https://www.youtube.com/shorts/FoSASdfBlsA,6335,2024-02-15T00:00:00.000Z,,3 EASY Outfit Ideas for MEN | #Shorts | #Lenskart,2
w3qMq_oZPVc,Lenskart,106,https://www.youtube.com/shorts/w3qMq_oZPVc,6480,2023-12-10T00:00:00.000Z,,Introducing The New DC Superhero Collection For Kids | #Shorts | #Lenskart,0
zDhT2tYfcLo,Lenskart,87,https://www.youtube.com/shorts/zDhT2tYfcLo,6394,2024-05-25T00:00:00.000Z,,FREE Kids Glasses | #Shorts | #Lenskart,1
8HQW0cNL1P8,Lenskart,141,https://www.youtube.com/shorts/8HQW0cNL1P8,5987,2024-01-01T00:00:00.000Z,,Unboxing Neon Party Glasses | Lenskart Air Electropunk | #Lenskart,2
WDgXpV9ut6M,Lenskart,179,https://www.youtube.com/shorts/WDgXpV9ut6M,6498,2023-12-12T00:00:00.000Z,,Do Eating Carrots Really Improve Your Eyesight? | #Shorts | #Lenskart,2
ppQgLkSQT-M,Enathu Thagaval Ulagam-???? ????? ?????,84,https://www.youtube.com/watch?v=ppQgLkSQT-M,6367,2024-02-27T00:00:00.000Z,12300,????? ????????Glasses ??????? ????????????? Lenskart Free shopping offer | Lenskart BLU Glasses Review,15
Ia8jBjYosJI,Lenskart,321,https://www.youtube.com/shorts/Ia8jBjYosJI,8330,2024-07-27T00:00:00.000Z,,3 Services That Are FREE At The Lenskart Store | #Lenskart,5
GoyzwLJ6IIM,Lenskart,129,https://www.youtube.com/shorts/GoyzwLJ6IIM,6049,2023-12-22T00:00:00.000Z,,Step Out In Style Wearing Lenskart Hustlr Sunglasses | #Shorts | #Lenskart,5
KtnLilbXMTs,Lenskart,168,https://www.youtube.com/shorts/KtnLilbXMTs,6150,2024-07-02T00:00:00.000Z,,The PROS Of Using Lenskart Screen Glasses | #Shorts,2
VeVw_OXnBFU,Lenskart,145,https://www.youtube.com/shorts/VeVw_OXnBFU,8628,2024-05-29T00:00:00.000Z,,Why Hooper is Kids Favourite | #Shorts | #Lenskart,4
iAY_--lu05o,Lenskart,158,https://www.youtube.com/shorts/iAY_--lu05o,8579,2023-12-15T00:00:00.000Z,,Lenskart Gold Rush SALE IS HERE ft. Mrunal Thakur | #Shorts | #Lenskart,3
6O1X40yLSjQ,Lenskart,204,https://www.youtube.com/shorts/6O1X40yLSjQ,8482,2024-02-19T00:00:00.000Z,,Best Selling Eyeglasses on Lenskart | #Shorts | #Lenskart,1
xZuiYR___9Q,Lenskart,107,https://www.youtube.com/shorts/xZuiYR___9Q,6429,2024-06-02T00:00:00.000Z,,#SPOTTED Nitibha Kaul at the Lenskart Store,4
6D8XuCZqDl8,Lenskart,91,https://www.youtube.com/shorts/6D8XuCZqDl8,5107,2024-02-25T00:00:00.000Z,,The New NEON HUSTLR Glasses | #Shorts | #Lenskart,2
qn_1LtMatz4,Lenskart,79,https://www.youtube.com/shorts/qn_1LtMatz4,5159,2024-03-07T00:00:00.000Z,,Celebrate Women's Day With Special DISCOUNT | #Shorts | #Lenskart,2
81kwfpwzF4g,Lenskart,105,https://www.youtube.com/shorts/81kwfpwzF4g,5196,2024-04-22T00:00:00.000Z,,This Is What You Can Do With Your Old Glasses | Lenskart Buyback | #Shorts | #Lenskart,2
DRIGNp_eFEY,Lenskart,58,https://www.youtube.com/shorts/DRIGNp_eFEY,5396,2024-04-08T00:00:00.000Z,,Every Time You Want To Buy New Glasses | #Shorts | #Lenskart,2
kQOTvYYEdaY,Lenskart,162,https://www.youtube.com/shorts/kQOTvYYEdaY,5310,2024-06-26T00:00:00.000Z,,GLASSES THAT WON'T FALL AT ALL | Lenskart Air Pro-Fit | #Shorts | #Lenskart,3
9Yp4x2W4txc,Lenskart,163,https://www.youtube.com/shorts/9Yp4x2W4txc,5292,2024-03-10T00:00:00.000Z,,Helping The Ones In Need | #GlassesBadloIndiaBadlo | #Shorts | #Lenskart,2
GopUj5M-6AY,Lenskart,87,https://www.youtube.com/shorts/GopUj5M-6AY,5331,2024-01-25T00:00:00.000Z,,Essential Packing List for a Winter Trip | #Shorts | #Lenskart,1
fDt90HAgGEA,Lenskart,175,https://www.youtube.com/shorts/fDt90HAgGEA,5462,2024-05-22T00:00:00.000Z,,Inside Lenskart Store | #Shorts | #Lenskart,2
aJ-n7SfetbI,Lenskart,98,https://www.youtube.com/shorts/aJ-n7SfetbI,5507,2024-04-23T00:00:00.000Z,,TOP REASONS Why You Should Visit the Lenskart Store | #Shorts | #Lenskart,1
#NAME?,Lenskart,93,https://www.youtube.com/shorts/-jgbYpkt3J0,5511,2023-12-17T00:00:00.000Z,,Sonam Bajwa For John Jacobs | @johnjacobseyewear9648 | #Lenskart,1
eFE8_eAG0os,Lenskart,91,https://www.youtube.com/shorts/eFE8_eAG0os,5698,2024-01-26T00:00:00.000Z,,Try Kiara Advani Approved Contact Lenses | #Shorts | #Lenskart,1
h6uLDcXz8Ho,Lenskart,148,https://www.youtube.com/shorts/h6uLDcXz8Ho,5540,2024-01-23T00:00:00.000Z,,Kiara Advani Approved Sunnies You Need To Buy | #Shorts | #Lenskart,3
GldAjZC0gEQ,Lenskart,122,https://www.youtube.com/shorts/GldAjZC0gEQ,5821,2023-10-17T00:00:00.000Z,,Stop Your Glasses From Falling Off | #Shorts | #Lenskart,0
AEwt3HD1R2M,Roshan SA,0,https://www.youtube.com/watch?v=AEwt3HD1R2M,5243,2024-02-23T00:00:00.000Z,4910,LENSKART EXPERIENCE and REVIEW in Tamil: ??worthy ?,12
TJg69ZFrbY4,Lenskart,170,https://www.youtube.com/shorts/TJg69ZFrbY4,5214,2024-08-10T00:00:00.000Z,,Non-Falling Glasses | Lenskart Air Pro-Fit | #Shorts,3
5L7SpW1M1iE,Lenskart,118,https://www.youtube.com/shorts/5L7SpW1M1iE,5457,2024-04-24T00:00:00.000Z,,Watch This Video Before You Throw Away Your Old Glasses | #Shorts | #Lenskart,1
pDbTwBekZW4,Lenskart,127,https://www.youtube.com/shorts/pDbTwBekZW4,5533,2024-08-22T00:00:00.000Z,,Buy Your Entire Eyewear Wishlist Here | #Shorts | #Lenskart,1
KS1sHMg-lsk,incbasil,75,https://www.youtube.com/watch?v=KS1sHMg-lsk,5615,2024-06-01T00:00:00.000Z,363,Piyush Bansal vs  Ratan Tata | How Lenskart defeated Titan | Lenskart | Titan Eye Plus,4
8jdtee4g4Y4,Lenskart,119,https://www.youtube.com/shorts/8jdtee4g4Y4,5783,2024-05-13T00:00:00.000Z,,The BEST Gaming Glasses | #Shorts | #Lenskart,5
UuoZqo216wM,Supra_tales,122,https://www.youtube.com/watch?v=UuoZqo216wM,6334,2024-08-28T00:00:00.000Z,8740,???????? ???????? ????? ???? ???? |Vlog205 | USA|Dombivali | Hometour |Marathivlog|lenskart|Kharghar,15
h-VxLXcypHM,Lenskart,207,https://www.youtube.com/shorts/h-VxLXcypHM,8722,2023-12-21T00:00:00.000Z,,Who Wins FREE Lenskart Glasses | #Shorts | #Lenskart,3
w0cOFDIXOkI,Lenskart,199,https://www.youtube.com/shorts/w0cOFDIXOkI,9034,2024-05-23T00:00:00.000Z,,Most Asked Questions Progressive Lenses | #Shorts | #Lenskart,3
PbEleuAQalk,Lenskart,192,https://www.youtube.com/shorts/PbEleuAQalk,8802,2024-03-01T00:00:00.000Z,,#NewLaunch : Space Themed Eyewear For Kids | #Shorts | #Lenskart,3
yxMj6ESIqhU,Lenskart,245,https://www.youtube.com/shorts/yxMj6ESIqhU,8854,2023-10-01T00:00:00.000Z,,How To Wear Contact Lenses In 30 Seconds | #Shorts | #Lenskart,0
Csj5zgVVUyI,Lenskart,186,https://www.youtube.com/shorts/Csj5zgVVUyI,8693,2024-03-01T00:00:00.000Z,,The NEON Hustlr GLASSES You Must Buy Right Now | #Shorts | #Lenskart,6
Qq3NC-ySIY0,Lenskart,314,https://www.youtube.com/shorts/Qq3NC-ySIY0,8935,2024-08-14T00:00:00.000Z,,Types of Lens Coatings | #Shorts | #Lenskart,5
LLsMkHDHQds,Lenskart,115,https://www.youtube.com/shorts/LLsMkHDHQds,8827,2024-01-22T00:00:00.000Z,,The NEW HUSTLR Sunglasses You Need to Try | #Shorts | #Lenskart,2
8OWCdZBO88s,Lenskart,97,https://www.youtube.com/shorts/8OWCdZBO88s,4885,2024-08-06T00:00:00.000Z,,Shopping With Your Best Friend | #Shorts | #Lenskart,2
kXagzN-DlP8,Lenskart,106,https://www.youtube.com/shorts/kXagzN-DlP8,4578,2024-03-22T00:00:00.000Z,,Styling Tips For Holi Party 2024 | #Shorts | #Lenskart,2
an-HGTb3CL8,Lenskart,133,https://www.youtube.com/shorts/an-HGTb3CL8,4759,2024-04-25T00:00:00.000Z,,Get Your Eyes Tested At Home | Lenskart At Home | #Lenskart,2
owiBpRGLtwU,Lenskart,116,https://www.youtube.com/shorts/owiBpRGLtwU,4857,2024-07-19T00:00:00.000Z,,Types of Progressive Lenses | Progressive Lens Guide | #Lenskart,2
gDu9xtaH1Wg,Lenskart,94,https://www.youtube.com/shorts/gDu9xtaH1Wg,4586,2024-01-15T00:00:00.000Z,,Style Secrets of '12th Fail' Actor Vikrant Massey | #Shorts | #Lenskart,1
CydPNmoKv50,Lenskart,90,https://www.youtube.com/shorts/CydPNmoKv50,4811,2024-01-30T00:00:00.000Z,,Reasons to Buy Lenskart Kids Sunglasses | #Shorts | #Lenskart,1
cofDt6AuOE8,Lenskart,64,https://www.youtube.com/shorts/cofDt6AuOE8,4782,2024-03-06T00:00:00.000Z,,Unboxing The New Petite Collection | #Shorts | #Lenskart,2
GwxPL6L1DrM,Lenskart,105,https://www.youtube.com/shorts/GwxPL6L1DrM,4657,2024-06-09T00:00:00.000Z,,SAVE EYES from Mobile and Computer Screens | BEST COMPUTER GLASSES | #Shorts | #Lenskart,5
7rtuyvXMQi0,Lenskart,112,https://www.youtube.com/shorts/7rtuyvXMQi0,4712,2023-09-06T00:00:00.000Z,,Tips To Have Healthy Eyes | #Shorts | #Lenskart,2
hmcuX32EIN4,Lenskart,93,https://www.youtube.com/shorts/hmcuX32EIN4,4685,2024-03-24T00:00:00.000Z,,Must Have Sunglasses For HOLI | Colors of India | Holi Celebration | #Lenskart,0
OXhYSixGqX8,Lenskart,121,https://www.youtube.com/shorts/OXhYSixGqX8,4801,2023-12-21T00:00:00.000Z,,The Making Of The DC X Lenskart Collection | Lenskart Origins | #Lenskart,1
JIe5imvQs30,Lenskart,101,https://www.youtube.com/shorts/JIe5imvQs30,5019,2024-04-29T00:00:00.000Z,,3 BEST Glasses For Kids | #Shorts | #Lenakart,2
rJEJLrJ5BFU,Lenskart,117,https://www.youtube.com/shorts/rJEJLrJ5BFU,4967,2024-01-12T00:00:00.000Z,,Struggles Of People Who Wear Glasses | #Shorts | #Lenskart,0
AWulDv5Uq9Y,Lenskart,120,https://www.youtube.com/shorts/AWulDv5Uq9Y,5092,2024-05-12T00:00:00.000Z,,3 Services FREE On Lenskart Right Now | Best Gift for Moms | #Lenskart,5
os3_2fj9xiQ,Lenskart,127,https://www.youtube.com/shorts/os3_2fj9xiQ,4988,2023-12-05T00:00:00.000Z,,Unboxing The Newly Launched Gulmarg Collection | Lenskart Unboxing | #Lenskart,2
iLFkjq4mHhI,Lenskart,150,https://www.youtube.com/shorts/iLFkjq4mHhI,5143,2024-07-21T00:00:00.000Z,,This is how you can PROTECT YOUR EYES | #Shorts | #Lenskart,2
dI7IfrlkBs8,Lenskart,102,https://www.youtube.com/shorts/dI7IfrlkBs8,5190,2024-05-26T00:00:00.000Z,,Bifocal vs Progressive Lenses - Which is Better for You? | #Shorts | #Lenskart,1
xwMvfID-cIM,Lenskart,113,https://www.youtube.com/shorts/xwMvfID-cIM,5237,2024-04-18T00:00:00.000Z,,The NEW HUSTLR ACE | #Shorts #Lenskart,4
kJ6TWF63iVU,Lenskart,112,https://www.youtube.com/watch?v=kJ6TWF63iVU,4701,2024-08-03T00:00:00.000Z,272000,How To Maintain Glasses? | Tips to Clean Your Glasses | #Lenskart,5
wImMSYG48yQ,Lenskart,225,https://www.youtube.com/watch?v=wImMSYG48yQ,9139,2024-07-26T00:00:00.000Z,272000,#NewLaunch : Harry Potter Inspired Eyewear Collection | #Lenskart,24
6QsJ1RUa6z4,Lenskart,159,https://www.youtube.com/shorts/6QsJ1RUa6z4,8829,2024-03-04T00:00:00.000Z,,NEW Eyewear Styles YOU NEED TO SEE | #Shorts | #Lenskart,2
X0qTs0ggJys,Lenskart,248,https://www.youtube.com/shorts/X0qTs0ggJys,9149,2023-09-07T00:00:00.000Z,,Unboxing Lenskart Hustlr | As seen on Shark Tank India | Lenskart,3
Rd9AGlCdvvs,Lenskart,136,https://www.youtube.com/shorts/Rd9AGlCdvvs,5088,2023-12-25T00:00:00.000Z,,What is Blue Light? | #Shorts | #Lenskart,2
rpkjSw92T1M,Lenskart,148,https://www.youtube.com/shorts/rpkjSw92T1M,9175,2024-05-03T00:00:00.000Z,,Whats Your Everyday Hustle Like | Singer Shaan's Son Mahi | #Shorts | #Lenskart,1
nr_VNSc2OlI,Lenskart,175,https://www.youtube.com/shorts/nr_VNSc2OlI,9237,2024-07-21T00:00:00.000Z,,All About Tinted Sunglasses | #Shorts | #Lenskart,3
S41H3YXyKhA,Lenskart,328,https://www.youtube.com/shorts/S41H3YXyKhA,8942,2023-11-04T00:00:00.000Z,,On Set With Peyush Bansal | Shark Tank India Season 3 | #Shorts | #Lenskart,1
7Z5RFVGOgfs,Lenskart,99,https://www.youtube.com/shorts/7Z5RFVGOgfs,3968,2024-07-04T00:00:00.000Z,,These Glasses are LOVED By All | Lenskart Air Pro-Fit | #Shorts | #Lenskart,7
#NAME?,Lenskart,126,https://www.youtube.com/shorts/-CBBi71HnIg,3971,2024-07-14T00:00:00.000Z,,How Screen Glasses Work | LIVE DEMO | #Shorts | #Lenskart,5
-7wfiR1gOHc,Lenskart,86,https://www.youtube.com/shorts/-7wfiR1gOHc,4134,2024-05-30T00:00:00.000Z,,The SOLUTION To Your Daily Struggle With Eyeglasses | #Shorts | #Lenskart,4
NuPu-_HR4Iw,Lenskart,91,https://www.youtube.com/shorts/NuPu-_HR4Iw,4294,2024-07-17T00:00:00.000Z,,Here's Why You Should BUY THESE GLASSES | #Shorts | #Lenskart,1
23acG1UCV04,Lenskart,53,https://www.youtube.com/shorts/23acG1UCV04,4105,2024-07-07T00:00:00.000Z,,Best of Lenskart Eyeconic Sale | #Shorts | #Lenskart,1
nSZfqzgrPfY,Lenskart,71,https://www.youtube.com/shorts/nSZfqzgrPfY,4244,2023-12-18T00:00:00.000Z,,Does your child constant irritation in eyes? | #Shorts | #Lenskart,3
_DeCCFKpjVg,Lenskart,116,https://www.youtube.com/shorts/_DeCCFKpjVg,4033,2024-04-02T00:00:00.000Z,,Got old glasses? | Here's What To Do | The Big Buyback Festival | #Shorts | #Lenskart,3
nPHoHTRr75A,Lenskart,107,https://www.youtube.com/shorts/nPHoHTRr75A,4249,2024-06-11T00:00:00.000Z,,This Needs Your ATTENTION!!!!!! | #Shorts | #Lenskart,4
NqRdzvhtZZQ,Lenskart,58,https://www.youtube.com/shorts/NqRdzvhtZZQ,3978,2024-05-23T00:00:00.000Z,,BENGALURU Fans Right Now | #Shorts | #Lenskart,1
rRTzyPCz6as,Lenskart,95,https://www.youtube.com/shorts/rRTzyPCz6as,4258,2024-06-06T00:00:00.000Z,,Is Summer Bad For Your Eyes? | #Shorts | #Lenskart,1
t6B0n-TbmRw,Lenskart,66,https://www.youtube.com/shorts/t6B0n-TbmRw,4367,2024-05-14T00:00:00.000Z,,Signs of a True Hustlr | #Shorts | #Lenskart,2
ZRK7BjTGZwQ,Lenskart,71,https://www.youtube.com/shorts/ZRK7BjTGZwQ,4457,2023-12-30T00:00:00.000Z,,Mrunal Thakur Slaying The Hustlr Look | Lenskart Hustlr | #Shorts,1
dGM68MsDnCE,Lenskart,165,https://www.youtube.com/shorts/dGM68MsDnCE,4405,2024-08-12T00:00:00.000Z,,TOP 3 Services You Can Avail at Lenskart Store | #Shorts | #Lenskart,1
zpH1R6ISBTk,Lenskart,88,https://www.youtube.com/shorts/zpH1R6ISBTk,4366,2024-04-05T00:00:00.000Z,,Mrunal Thakur Airport Looks ft. Lenskart | #Shorts | #Lenskart,0
MisFQ9k3Gng,Lenskart,78,https://www.youtube.com/shorts/MisFQ9k3Gng,4357,2024-07-13T00:00:00.000Z,,Top 5 Eyewear Styles You SHOULD HAVE in Your Collection | #Shorts | #Lenskart,1
RgJkDZN1eYU,Lenskart,90,https://www.youtube.com/shorts/RgJkDZN1eYU,4184,2024-05-10T00:00:00.000Z,,Get Your Eyes Tested At Home | Lenskart At Home | #Lenskart,1
VgsAiJ3c3KM,Lenskart,89,https://www.youtube.com/shorts/VgsAiJ3c3KM,4357,2024-05-27T00:00:00.000Z,,4 Signs You Need Progressive Lenses | #Shorts | #Lenskart,1
B2UHkAEJ_zI,RukhStar,135,https://www.youtube.com/watch?v=B2UHkAEJ_zI,4487,2024-07-17T00:00:00.000Z,196000,????? ??? ??? "LENSKART SCAM? Our Shocking Experience! ??Wrong Size Glasses & Gold Membership Fail!",22
9Q-Gw5uPqGA,Lenskart,73,https://www.youtube.com/shorts/9Q-Gw5uPqGA,4509,2024-07-23T00:00:00.000Z,,A Day With These NON-FALLING GLASSES | Lenskart Air Pro-Fit | #Shorts | #Lenskart,0
QhwaheSXMpc,Lenskart,110,https://www.youtube.com/shorts/QhwaheSXMpc,4373,2024-03-07T00:00:00.000Z,,Take A Look At The Most POPULAR GLASSES | #Shorts | #Lenskart,2
hui34ttsfkQ,Lenskart,60,https://www.youtube.com/shorts/hui34ttsfkQ,3786,2023-12-28T00:00:00.000Z,,Get To Know Ishaan Khatter In A Minute | #Shorts | #Lenskart,0
NLMOogr8vAA,Lenskart,70,https://www.youtube.com/shorts/NLMOogr8vAA,3825,2024-02-18T00:00:00.000Z,,Kids Sunglasses Trends This Season | #Shorts | #Lenskart,1
Pzr7iFry9jg,Lenskart,96,https://www.youtube.com/shorts/Pzr7iFry9jg,3772,2024-06-21T00:00:00.000Z,,Time for Latest Eyewear Shopping | #Shorts | #Lenskart,1
bklfsnqEuLE,Lenskart,78,https://www.youtube.com/shorts/bklfsnqEuLE,3826,2023-09-14T00:00:00.000Z,,Grab Your Favourite Eyewear At Amazing Offers | #Shorts | #Lenskart,3
PCTITnplQQA,Lenskart,102,https://www.youtube.com/shorts/PCTITnplQQA,3778,2024-06-29T00:00:00.000Z,,Need Glasses that Help with EYE STRAIN? | #Shorts | #Lenskart,0
87PoOaZfPbU,Foodstoriess With Mokshi,44,https://www.youtube.com/shorts/87PoOaZfPbU,3729,2024-08-25T00:00:00.000Z,,Did my family approve asian food??? #familyday #longdrive #lenskart #asianfood,2
ew45mLjUFik,Bong lady in Pune,51,https://www.youtube.com/shorts/ew45mLjUFik,3742,2024-07-02T00:00:00.000Z,,Met with celebrity stylist at a Lenskart event #shortsvideo #viral #styling #lenskart #shorts,0
YX61uKGEBpk,Lenskart,119,https://www.youtube.com/shorts/YX61uKGEBpk,3789,2024-03-17T00:00:00.000Z,,All About MYOPIA CONTROL Lenses For Kids | Hooper Eyewear | #Shorts | #Lenskart,3
HgAVcRjJu18,Lenskart,68,https://www.youtube.com/shorts/HgAVcRjJu18,3411,2024-02-14T00:00:00.000Z,,Every Friend Group Has One Of These | #Shorts | #Lenskart,1
lNJMhjLQcYM,Lenskart,75,https://www.youtube.com/shorts/lNJMhjLQcYM,3450,2024-05-31T00:00:00.000Z,,Here’s WHAT YOU CAN DO With Your Old Frames | #Shorts | #Lenskart,2
YK-iut7_wiE,Lenskart,56,https://www.youtube.com/shorts/YK-iut7_wiE,3624,2024-05-03T00:00:00.000Z,,Where Can You Get All These Services | #Shorts | #Lenskart,2
F_GEqkDUCP4,Lenskart,92,https://www.youtube.com/shorts/F_GEqkDUCP4,3646,2024-08-11T00:00:00.000Z,,BEST GLASSES For Your Face Shape | #Shorts | #Lenskart,0
KVdcZ-0n724,Lenskart,61,https://www.youtube.com/shorts/KVdcZ-0n724,3546,2023-12-11T00:00:00.000Z,,The NEW Hustlr Sunglasses | #Lenskart,1
ZSRK7KMu38g,Lenskart,79,https://www.youtube.com/shorts/ZSRK7KMu38g,3446,2024-04-11T00:00:00.000Z,,Rating Every T20 Team in 2024 | Fan Edition | #Shorts | #Lenskart,3
5RrhCCclgtc,Lenskart,56,https://www.youtube.com/shorts/5RrhCCclgtc,3592,2024-05-19T00:00:00.000Z,,Main Character Vibes ft. Lenskart Eyewear | #Shorts | #Lenskart,2
8gsR8xgDWDQ,Lenskart,31,https://www.youtube.com/shorts/8gsR8xgDWDQ,3425,2023-12-31T00:00:00.000Z,,Most Flexible Eyeglasses | Lenskart Flex | #Shorts | #Lenskart,0
62b1Qg6qOMc,Lenskart,29,https://www.youtube.com/shorts/62b1Qg6qOMc,3509,2023-12-24T00:00:00.000Z,,Best Last Minute Christmas Shopping | #Shorts | #Lenskart,1
LHGmz9pmWQQ,Lenskart,93,https://www.youtube.com/shorts/LHGmz9pmWQQ,3567,2024-06-27T00:00:00.000Z,,How UV Harms Your Eyes | #Shorts | #Lenskart,0
7otmYz1LxDI,Lenskart,60,https://www.youtube.com/shorts/7otmYz1LxDI,3666,2024-08-10T00:00:00.000Z,,The Metal Frames You Should Buy Right Away | #Shorts | #Lenskart,3
_9XO3a20iuc,Lenskart,49,https://www.youtube.com/shorts/_9XO3a20iuc,3658,2024-03-22T00:00:00.000Z,,Protect Your Eyes This Holi With Lenskart Sunnies | #Shorts | #Lenskart,0
Vh81Eo8kshY,Lenskart,65,https://www.youtube.com/shorts/Vh81Eo8kshY,3642,2024-04-21T00:00:00.000Z,,Shop For Your Summer Essential ??? | #Shorts | #Lenskart,1
gIxyyZSbk-k,Lenskart,75,https://www.youtube.com/shorts/gIxyyZSbk-k,3659,2024-02-22T00:00:00.000Z,,How tough are these shatterproof lenses | #Shorts | #Lenskart,1
wVpUggzpMRU,Lenskart,62,https://www.youtube.com/shorts/wVpUggzpMRU,3725,2024-03-26T00:00:00.000Z,,The New Pink Colored Hustlr Glasses | Dusty Rose | #Shorts | #Lenskart,0
gfcXl7xsmdg,Lenskart,93,https://www.youtube.com/shorts/gfcXl7xsmdg,3686,2024-05-16T00:00:00.000Z,,"Old Glasses Out, Surya Kumar Yadav Glasses In | Lenskart Exchange Offer | #Shorts | #Lenskart",2
RM8h_OrTNLw,Lenskart,87,https://www.youtube.com/shorts/RM8h_OrTNLw,3833,2024-08-18T00:00:00.000Z,,Pick the BEST GIFT For Your Brother This Rakhi | #Shorts | #Lenskart,1
MFEZldKaeFw,Lenskart,87,https://www.youtube.com/shorts/MFEZldKaeFw,3749,2024-03-12T00:00:00.000Z,,Top Reasons To Shop For Hustlr Glasses | #Shorts | #Lenskart,1
6ErXy_AEuGI,Lenskart,127,https://www.youtube.com/shorts/6ErXy_AEuGI,3996,2024-06-10T00:00:00.000Z,,How to PROTECT YOUR EYES From Mobile Screen | #Shorts | #Lenskart,1
XsOO0kCdl6Y,Lenskart,123,https://www.youtube.com/shorts/XsOO0kCdl6Y,3851,2024-08-17T00:00:00.000Z,,Why are the Hustlr Glasses a Must Have | #Shorts | #Lenskart,3
NrjoVfR5ftw,Lenskart,99,https://www.youtube.com/shorts/NrjoVfR5ftw,3838,2024-05-25T00:00:00.000Z,,THINGS YOU NEED TO KNOW About Progressive Lenses | #Shorts | #Lenskart,1
XXUZu5hL9MU,Lenskart,100,https://www.youtube.com/shorts/XXUZu5hL9MU,3889,2024-03-31T00:00:00.000Z,,Shop Pemium LUXURY EYEWEAR at Lenskart Store | #Shorts | #Lenskart,0
ZKnk7qRwifQ,Lenskart,92,https://www.youtube.com/shorts/ZKnk7qRwifQ,3740,2024-05-30T00:00:00.000Z,,60 Seconds With Pooja Gor | #Shorts | #Lenskart,1
Olk7HSgu5uY,Lenskart,72,https://www.youtube.com/shorts/Olk7HSgu5uY,3928,2024-05-01T00:00:00.000Z,,Supporting Thala's Team | Chennai | #Shorts | #Lenskart,1
C5TMaFP6xxk,Lenskart,126,https://www.youtube.com/shorts/C5TMaFP6xxk,3986,2023-10-26T00:00:00.000Z,,Rapid Fire With 'Humsafar' Singer Akhil Sachdeva | #Lenskart,0
Ha4BanNT8eg,Lenskart,115,https://www.youtube.com/shorts/Ha4BanNT8eg,3952,2024-05-18T00:00:00.000Z,,PANTONE Colour Chart ft. Hustlr Glasses | #Shorts | #Lenskart,2
TKbwZtZbiRQ,Lenskart,59,https://www.youtube.com/shorts/TKbwZtZbiRQ,2980,2024-03-13T00:00:00.000Z,,What Do People Think Of The New Lenskart Bendable Eyeglasses | #Shorts | #Lenskart,3
mycHIB87EcQ,Lenskart,106,https://www.youtube.com/shorts/mycHIB87EcQ,3124,2024-01-27T00:00:00.000Z,,When Should You Get an Eye Check up? | #Shorts | #Lenskart,0
rcPJWgPSkLo,Lenskart,107,https://www.youtube.com/shorts/rcPJWgPSkLo,3078,2024-06-19T00:00:00.000Z,,3 SHOCKING HABITS Ruining Your Eyes | #Shorts | #Lenskart,0
auI32W5KCLY,Sangeeth Jagatheesan,0,https://www.youtube.com/shorts/auI32W5KCLY,3035,2024-05-24T00:00:00.000Z,,Lenskart Annanagar Chennai/Samyuktha Shan Cute??Beautiful Soul??#shorts #lenskart#cooler#heeramandi,0
_jrRCj2aAeU,Lenskart,57,https://www.youtube.com/shorts/_jrRCj2aAeU,3201,2024-05-01T00:00:00.000Z,,Salary Has Been Credited | #Shorts | #Lenskart,0
LGg--tP5btc,Lenskart,54,https://www.youtube.com/shorts/LGg--tP5btc,3150,2024-05-06T00:00:00.000Z,,Everybody LOVES This T20 Team | Chennai | #Shorts | #Lenskart,0
KCO3McWQaX4,Lenskart,71,https://www.youtube.com/shorts/KCO3McWQaX4,3049,2024-03-11T00:00:00.000Z,,Inside Nehru Planetarium ft. Lenskart Glasses | Space Explorers | #Shorts | #Lenskart,0
llPHKJPAL3M,Lenskart,57,https://www.youtube.com/shorts/llPHKJPAL3M,3106,2024-07-29T00:00:00.000Z,,Offers in Lenskart Eyeconic SALE | #Shorts | #Lenskart,1
WnHCIHxuNrg,Lenskart,87,https://www.youtube.com/shorts/WnHCIHxuNrg,3217,2024-05-26T00:00:00.000Z,,Why You Should Switch to Progressive Lenses | #Shorts | #Lenskart,3
HxoMvKCe9Q0,Lenskart,64,https://www.youtube.com/shorts/HxoMvKCe9Q0,3128,2023-12-05T00:00:00.000Z,,Hustlr Sunglasses For Every Mood | #Shorts | #Lenskart,0
ODh4ctSO6ZU,Lenskart,59,https://www.youtube.com/shorts/ODh4ctSO6ZU,3268,2024-07-02T00:00:00.000Z,,Get FREE Lenses With Every Frame | Lenskart Eyeconic Sale | #Shorts | #Lenskart,2
zgVE2-zi1g8,Lenskart,59,https://www.youtube.com/shorts/zgVE2-zi1g8,3224,2024-07-11T00:00:00.000Z,,Best Running Glasses | A Runner's Review | #Shorts | #Lenskart,0
3vTPbB_xPis,Lenskart,64,https://www.youtube.com/shorts/3vTPbB_xPis,3264,2024-03-20T00:00:00.000Z,,How To Choose Your Contact Lens Color | #Shorts | #Lenskart,0
Whc_QqTobQI,wealthwithakki,143,https://www.youtube.com/shorts/Whc_QqTobQI,3904,2024-08-29T00:00:00.000Z,,Salman Khan very dashing glasses price ????#salmankhan #lenskart #shortsvideo #ganeshchaturthi #reels,0
UBHFTjm4fjI,Lenskart,85,https://www.youtube.com/shorts/UBHFTjm4fjI,3247,2024-04-07T00:00:00.000Z,,Throwing away old glasses? DON'T! | The Big Buyback Festival | #Shorts | #Lenskart,2
70avFTA0gGA,Lenskart,49,https://www.youtube.com/shorts/70avFTA0gGA,3226,2024-01-03T00:00:00.000Z,,When Your Mom Says No To Buying Something New | #Shorts | #Lenskart,0
ncwSJrSdUJ0,Lenskart,84,https://www.youtube.com/shorts/ncwSJrSdUJ0,3224,2024-03-10T00:00:00.000Z,,Things People With Specs Are Tired Of Hearing | #Shorts | #Lenskart,2
tUuZPx-LdcA,Lenskart,69,https://www.youtube.com/shorts/tUuZPx-LdcA,3409,2024-08-16T00:00:00.000Z,,Top Picks From Lenskart Eyeconic Sale | #Shorts | #Lenskart,1
qxlURZ7jD7k,Lenskart,107,https://www.youtube.com/shorts/qxlURZ7jD7k,3295,2024-06-08T00:00:00.000Z,,No More Sliding Glasses | Lenskart Air Pro-Fit | #Shorts | #Lenskart,6
UFAHju7Ue4c,Lenskart,94,https://www.youtube.com/shorts/UFAHju7Ue4c,3299,2024-08-03T00:00:00.000Z,,Tips to Consider When Buying Progressive Lenses | #Shorts | #Lenskart,0
jB63bRx6QAk,Lenskart,94,https://www.youtube.com/shorts/jB63bRx6QAk,3940,2024-04-04T00:00:00.000Z,,Most Comfortable Eyeglasses for 2024 | Hustlr | #Shorts | #Lenskart,3
8OERyf_rAz4,Lenskart,100,https://www.youtube.com/shorts/8OERyf_rAz4,4069,2024-06-01T00:00:00.000Z,,Eyewear For All Your Needs | #Shorts | #Lenskart,1
vKPTpoW-cz4,Lenskart,48,https://www.youtube.com/shorts/vKPTpoW-cz4,2797,2024-07-14T00:00:00.000Z,,Styling Lenskart Hustlr Sunglasses | #Shorts | #Lenskart,0
c4uoV5MED1w,Lenskart,50,https://www.youtube.com/shorts/c4uoV5MED1w,2767,2024-05-13T00:00:00.000Z,,Must Have Glasses For Your Parents | #Shorts | #Lenskart,3
uLFg_VNPQKI,Lenskart,93,https://www.youtube.com/shorts/uLFg_VNPQKI,2741,2024-04-01T00:00:00.000Z,,Here's What BLUE LIGHT Actually Does To Your Eyes | #Shorts | #Lenskart,1
FVKBHYhQ8D0,Lenskart,62,https://www.youtube.com/shorts/FVKBHYhQ8D0,2723,2024-06-18T00:00:00.000Z,,Best Gifts for Dad | Papa Ke Liye Gift | #Shorts | #Lenskart,1
kmSdDniQqoA,Lenskart,71,https://www.youtube.com/shorts/kmSdDniQqoA,2802,2024-05-05T00:00:00.000Z,,*ULTIMATE* Office Wear Guide | Hustlr | Office Essentials | #Shorts | #Lenskart,2
V3dk9juNCFo,Lenskart,63,https://www.youtube.com/shorts/V3dk9juNCFo,2765,2024-07-13T00:00:00.000Z,,Types of Progressive Lenses | #Shorts | #Lenskart,1
9tw5OTSEvmU,Lenskart,77,https://www.youtube.com/shorts/9tw5OTSEvmU,2767,2024-08-03T00:00:00.000Z,,Unboxing Lenskart Glasses | #Shorts | #Lenskart,1
KBWz7MPdmJI,Lenskart,94,https://www.youtube.com/shorts/KBWz7MPdmJI,2837,2024-08-25T00:00:00.000Z,,Potterheads NEED TO SEE THIS | #Shorts | #Lenskart,3
opAmiG6ylZk,Lenskart,41,https://www.youtube.com/shorts/opAmiG6ylZk,2873,2024-07-07T00:00:00.000Z,,Wear These Glasses While Practicing YOGA | #Shorts | #Lenskart,2
W5B5A7QIBs4,Lenskart,65,https://www.youtube.com/shorts/W5B5A7QIBs4,2899,2023-11-19T00:00:00.000Z,,The EASIEST Way to Wear Contact Lenses | Aqualens | #Shorts | #Lenskart,1
OQykOgRLReE,Lenskart,85,https://www.youtube.com/shorts/OQykOgRLReE,2865,2024-07-21T00:00:00.000Z,,Ekdum FREE FREE FREE | #Shorts | #Lenskart,2
_03S2XK-xxs,Lenskart,38,https://www.youtube.com/shorts/_03S2XK-xxs,2888,2024-05-20T00:00:00.000Z,,Firse Ghum Ho Gaye Chashme | #Shorts | #Lenskart,1
7vAzjDJ8b_8,Lenskart,81,https://www.youtube.com/shorts/7vAzjDJ8b_8,2900,2024-05-17T00:00:00.000Z,,Stop Doing This To Avoid Headaches | #Shorts | #Lenskart,2
UU3Th4r1MrA,Everyday Zindagi,84,https://www.youtube.com/watch?v=UU3Th4r1MrA,2935,2024-05-25T00:00:00.000Z,9170,LENSKART SUNGLASSES | UNBOXING | HONEST REVIEW | WAYFARER VS AVIATOR | VINCENT CHASE POLARIZED,24
SH1gWLfluSk,Lenskart,38,https://www.youtube.com/shorts/SH1gWLfluSk,2398,2024-05-04T00:00:00.000Z,,#SPOTTED Mrunal Thakur In Lenskart Sunglasses | #Shorts | #Lenskart,1
h7wCLyZ_398,Lenskart,38,https://www.youtube.com/shorts/h7wCLyZ_398,2501,2024-07-20T00:00:00.000Z,,Are You One of Them? | #Shorts | #Lenskart,4
C_Bm_EuQOWA,Lenskart,49,https://www.youtube.com/shorts/C_Bm_EuQOWA,2425,2024-01-06T00:00:00.000Z,,Sneak Peek Of The Lenskart Bhiwadi Plant | #Shorts | #Lenskart,1
x29rpySb6GA,Lenskart,69,https://www.youtube.com/shorts/x29rpySb6GA,2445,2023-10-24T00:00:00.000Z,,Top 4 Reasons To Visit The Lenskart Store | #Shorts | #Lenskart,0
yi1qavNKeFU,Lenskart,33,https://www.youtube.com/shorts/yi1qavNKeFU,2434,2024-06-28T00:00:00.000Z,,A SALE You Wouldn’t Want to Miss | #Shorts | #Lenskart,3
bI90Mc6zc2U,Lenskart,56,https://www.youtube.com/shorts/bI90Mc6zc2U,2416,2024-05-10T00:00:00.000Z,,Every Mother's FIRST CHOICE | Kids Glasses | #Shorts | #Lenskart,5
ShQeD2DX2dM,Lenskart,47,https://www.youtube.com/shorts/ShQeD2DX2dM,2232,2024-03-27T00:00:00.000Z,,T20 Fan Mania Is Here | #Shorts | #Lenskart,3
hoJmh_j32vM,Lenskart,43,https://www.youtube.com/shorts/hoJmh_j32vM,2223,2023-09-17T00:00:00.000Z,,Grab Your Travel Essentials At Your Nearest Lenskart Store | #Shorts | #Lenskart,0
TCwXDTG13dk,Lenskart,44,https://www.youtube.com/shorts/TCwXDTG13dk,2241,2024-07-09T00:00:00.000Z,,Must Have Sunnies This Season | #Shorts | #Lenskart,2
VLiSqKwqoIk,Lenskart,43,https://www.youtube.com/shorts/VLiSqKwqoIk,2290,2024-08-04T00:00:00.000Z,,Happy Friendship Day ft. Lenskart Sunnies | #Shorts | #Lenskart,5
JTh3Iojwc-4,Lenskart,45,https://www.youtube.com/shorts/JTh3Iojwc-4,2287,2024-07-22T00:00:00.000Z,,Beat Monday Blues in Style | #Shorts | #Lenskart,1
C5gxUm-ad90,Lenskart,72,https://www.youtube.com/shorts/C5gxUm-ad90,2299,2024-03-18T00:00:00.000Z,,Get Ready For Holi In Lenskart Bestsellers | #Shorts | #Lenskart,3
dzd3Npm3rio,Lenskart,41,https://www.youtube.com/shorts/dzd3Npm3rio,2266,2024-05-06T00:00:00.000Z,,HEAR What People Have To Say About Progressive Lenses | #Shorts | #Lenskart,4
97WbUxPh4BU,Lenskart,63,https://www.youtube.com/shorts/97WbUxPh4BU,2270,2024-05-21T00:00:00.000Z,,Ishaan Khatter’s Go-to Choice | #Shorts | #Lenskart,2
3q0vXpKoigw,Lenskart,36,https://www.youtube.com/shorts/3q0vXpKoigw,2386,2024-06-25T00:00:00.000Z,,The SOLUTION To All Your Eye Problems | #Shorts | #Lenskart,0
GN5-mpuPqH0,Lenskart,32,https://www.youtube.com/shorts/GN5-mpuPqH0,2256,2024-06-27T00:00:00.000Z,,International Sunglasses Day | #Shorts | #Lenskart,1
enYhWiOxQlA,Lenskart,52,https://www.youtube.com/shorts/enYhWiOxQlA,2383,2024-06-15T00:00:00.000Z,,Shop Your Perfect Pair of Eyewear | #Shorts | #Lenskart,2
6iIj5k9AB2Y,Lenskart,38,https://www.youtube.com/shorts/6iIj5k9AB2Y,2291,2024-04-24T00:00:00.000Z,,Sunglasses Matching Your Favourite T20 Team | #Shorts | #Lenskart,3
1XeR55b2BIE,SMS ENTERTAINMENT (sweet memories of sony),16,https://www.youtube.com/shorts/1XeR55b2BIE,2414,2024-08-18T00:00:00.000Z,,Humne Saturday kaise gujare#golgappa#ytshorts#golgappe#shorts#lenskart#streetfood#weekend#couple,0
kf_cs-aOofI,Lenskart,54,https://www.youtube.com/shorts/kf_cs-aOofI,2454,2024-06-09T00:00:00.000Z,,BEST GLASSES For Gyming | #Shorts | #Lenskart,2
4ParAcCeWXo,Lenskart,50,https://www.youtube.com/shorts/4ParAcCeWXo,2375,2023-11-16T00:00:00.000Z,,Save Your MONEY | Crazy Lenskart Eyewear Offers | Shop at Up to 60% off | #Shorts | #Lenskart,1
fwAQysIwqeE,Earning With Tushar,0,https://www.youtube.com/watch?v=fwAQysIwqeE,2215,2024-08-06T00:00:00.000Z,41000,Lenskart earning app | Lenskart earning app real or fake | Lenskart app se paise kaise kamaye |,34
MNfPPoTB_XI,Lenskart,24,https://www.youtube.com/shorts/MNfPPoTB_XI,2385,2024-07-12T00:00:00.000Z,,Eyewear to Grab This Eyeconic SALE | #Shorts | #Lenskart,0
xeFGSLbu24o,Lenskart,36,https://www.youtube.com/shorts/xeFGSLbu24o,2443,2024-04-20T00:00:00.000Z,,People Of Chennai In Summers Be Like | #Shorts | #Lenskart,1
MCgmSK4NskM,Tech So,14,https://www.youtube.com/watch?v=MCgmSK4NskM,2236,2024-03-10T00:00:00.000Z,2690,Free Lenskart Vincent Chase Eyeglasses Unboxig | Lenskart Hustlr | Lenskart Air | Lenskart Hooper,7
vdWwYJYcx8o,Lenskart,50,https://www.youtube.com/shorts/vdWwYJYcx8o,2543,2024-04-06T00:00:00.000Z,,Unboxing The Shield Shades Collection | Lenskart Unboxing | #Lenskart,0
IoUhDnVNh1g,Lenskart,44,https://www.youtube.com/shorts/IoUhDnVNh1g,2576,2024-06-12T00:00:00.000Z,,A Women’s Secret Weapon | #Shorts | #Lenskart,0
isTFLJskc2k,Lenskart,98,https://www.youtube.com/shorts/isTFLJskc2k,2560,2024-06-15T00:00:00.000Z,,TIPS TO PROTECT Your Eyes | #Shorts | #Lenskart,1
4jBzBCgUvHk,Lenskart,54,https://www.youtube.com/shorts/4jBzBCgUvHk,2529,2024-08-07T00:00:00.000Z,,The Glasses You Need For Daily Wear | #Shorts | #Lenskart,3
HMp-7HohD_0,Lenskart,60,https://www.youtube.com/shorts/HMp-7HohD_0,2566,2024-04-19T00:00:00.000Z,,Why Buy These Vintage Style Glasses | #Shorts | #Lenskart,0
TVILF82tdE8,Lenskart,43,https://www.youtube.com/shorts/TVILF82tdE8,2520,2024-07-06T00:00:00.000Z,,MUST BUY From Lenskart Eyeconic Sale | #Shorts | #Lenskart,2
vCuJ8DpOSNo,Lenskart,27,https://www.youtube.com/shorts/vCuJ8DpOSNo,2607,2024-06-29T00:00:00.000Z,,FREE LENSES at Lenskart Eyeconic Sale | #Shorts | #Lenskart,1
v2atFTEvZyw,RukhStar,135,https://www.youtube.com/shorts/v2atFTEvZyw,2695,2024-07-18T00:00:00.000Z,,#minivlog #shorts We went to #lenskart Full video niche link par click kar k dekhe,0
XU_O4hmPAcM,Prajwal Kule,52,https://www.youtube.com/shorts/XU_O4hmPAcM,1710,2024-04-29T00:00:00.000Z,,zero power screen glasses #lenskart #hustle #hustler #jadegreen #lenskarthustler,7
YoX8xTtF_Ss,Lenskart,24,https://www.youtube.com/shorts/YoX8xTtF_Ss,1706,2024-06-23T00:00:00.000Z,,The SOLUTION To Your Tired Eyes | #Shorts | #Lenskart,0
OdlOwv_vv0E,Lenskart,54,https://www.youtube.com/shorts/OdlOwv_vv0E,1710,2024-04-30T00:00:00.000Z,,Karan Johar Is A Cricket Fan Too | #Shorts | #Lenskart,0
5_iYU_41mVU,Lenskart,31,https://www.youtube.com/shorts/5_iYU_41mVU,1674,2024-06-26T00:00:00.000Z,,How to Tell if Contact Lenses Inside Out | #Shorts | #Lenskart,0
_0BZ92ViP3g,Lenskart,51,https://www.youtube.com/shorts/_0BZ92ViP3g,1772,2024-08-09T00:00:00.000Z,,Glasses For Video Gamers | #Shorts | #Lenskart,0
Ax55s650KYU,Lenskart,48,https://www.youtube.com/shorts/Ax55s650KYU,1727,2024-06-21T00:00:00.000Z,,Happy International Yoga Day ft. Mihir | #Shorts | #Lenskart,0
QfEVXyJ9iRg,Sangeeth Jagatheesan,0,https://www.youtube.com/shorts/QfEVXyJ9iRg,1667,2024-06-03T00:00:00.000Z,,Lenskart/ Sooseki/Pushpa 2/Saami#shorts #pushpa #lenskart#lenskartsquad #viral #cooler#sooseki #song,0
tHMD30vNjP0,Lenskart,30,https://www.youtube.com/shorts/tHMD30vNjP0,1690,2024-05-02T00:00:00.000Z,,Convenience Like Never Before | Book #LenskartAtHome | #Shorts | #Lenskart,1
Wi-FCWbwtTA,Lenskart,33,https://www.youtube.com/shorts/Wi-FCWbwtTA,1748,2024-06-30T00:00:00.000Z,,Contact Lens Myth You Should NOT Believe | #Shorts | #Lenskart,0
850MNAmU0Zs,Lenskart,50,https://www.youtube.com/shorts/850MNAmU0Zs,1770,2024-06-03T00:00:00.000Z,,#HustlrSpotted : Viral Song "Chor" Music Producer | #Shorts | #Lenskart,1
PFD_a7qw9rI,Lenskart,46,https://www.youtube.com/shorts/PFD_a7qw9rI,1777,2024-05-08T00:00:00.000Z,,Multifocals That Help You Seamlessly See Near And Far | Progressive Lenses | Lenskart,3
U2Yy9ZD0Wz4,Lenskart,36,https://www.youtube.com/shorts/U2Yy9ZD0Wz4,1731,2023-11-25T00:00:00.000Z,,People's Go-to Eyewear Choice | Lenskart Testimonials | #Lenskart,0
F-pt9nvHTC4,Lenskart,28,https://www.youtube.com/shorts/F-pt9nvHTC4,1856,2024-07-18T00:00:00.000Z,,Trendy Sunglasses Every Woman Should Have | #Shorts | #Lenskart,1
o0CMOIRp0A4,Lenskart,51,https://www.youtube.com/shorts/o0CMOIRp0A4,1801,2024-07-16T00:00:00.000Z,,Win a FREE TRIP TO PARIS | #Shorts | #Lenskart,3
KhoxZH-WqtQ,Lenskart,27,https://www.youtube.com/shorts/KhoxZH-WqtQ,1812,2024-07-10T00:00:00.000Z,,Time to Go On a Shopping Spree with Your Friend | Lenskart Eyeconic Sale | #Shorts | #Lenskart,1
ok6bcLpRUog,Lenskart,42,https://www.youtube.com/shorts/ok6bcLpRUog,1825,2024-04-12T00:00:00.000Z,,Sunglasses You SHOULD NOT MISS Trying This Summer | #Shorts | #Lenskart,1
bFCSqsllVh0,Lenskart,46,https://www.youtube.com/shorts/bFCSqsllVh0,1955,2023-11-23T00:00:00.000Z,,Unboxing The Helios Collection | Lenskart Unboxing | #Shorts,1
eHTVKMHmfDY,Lenskart,35,https://www.youtube.com/shorts/eHTVKMHmfDY,1875,2024-05-17T00:00:00.000Z,,BREAKING NEWS | #Shorts | #Lenskart,3
_X9IHUl8IMc,Lenskart,64,https://www.youtube.com/shorts/_X9IHUl8IMc,1882,2024-03-28T00:00:00.000Z,,Make The Most Of Your LONG WEEKEND | #Shorts | #Lenskart,0
eL7LZhJI0qg,Lenskart,40,https://www.youtube.com/shorts/eL7LZhJI0qg,1903,2024-04-11T00:00:00.000Z,,FREE Home Eye Test | Lenskart at Home | #Shorts | #Lenskart,0
YfcATD5-jD0,Lenskart,41,https://www.youtube.com/shorts/YfcATD5-jD0,1916,2024-06-14T00:00:00.000Z,,Lenskart Blu Computer Glasses For Your Eyes | #Shorts | #Lenskart,1
gpalE9AuP9I,Lenskart,37,https://www.youtube.com/watch?v=gpalE9AuP9I,1837,2024-05-28T00:00:00.000Z,272000,How to Adjust to Progressive Lenses | Tips & Tricks | #Lenskart,4
vsJPsUtPzbE,Chasma Wala,41,https://www.youtube.com/watch?v=vsJPsUtPzbE,1884,2024-05-25T00:00:00.000Z,2060,Unboxing Lenskart Air Glasses and Review Best Computer Glasses ?@chasmawala786?,25
TOQw-zPm3sI,Lenskart,56,https://www.youtube.com/shorts/TOQw-zPm3sI,1952,2024-04-06T00:00:00.000Z,,Is Your Baby Watching TV ??Everyday? | #Shorts | #Lenskart,2
GL0BujpMkrU,Lenskart,50,https://www.youtube.com/shorts/GL0BujpMkrU,2042,2024-08-17T00:00:00.000Z,,Is Your Eyewear and Outfit Color Coordinated | #Shorts | #Lenskart,0
4PBlGtopO8M,Lenskart,39,https://www.youtube.com/shorts/4PBlGtopO8M,1974,2024-04-30T00:00:00.000Z,,Look AWESOME In These Eyeglasses | #Shorts | #Lenskart,1
pa8NPj1I7HM,Lenskart,28,https://www.youtube.com/shorts/pa8NPj1I7HM,985,2024-08-24T00:00:00.000Z,,Everyday Style Essentials | Lenskart Hustlr | #Shorts,0
#NAME?,Lenskart,34,https://www.youtube.com/shorts/-dQfoZR9pfI,1139,2023-09-24T00:00:00.000Z,,How To Wear Contact Lenses | Aqualens Contact Lenses | #Shorts | #Lenskart,1
3vXprp5ly8o,MediaBrief,0,https://www.youtube.com/shorts/3vXprp5ly8o,1005,2024-08-21T00:00:00.000Z,,Lenskart's CGI Billboard: A Creative Masterpiece for Independence Day ????,0
jbatrn0EkD0,Lenskart,24,https://www.youtube.com/shorts/jbatrn0EkD0,1098,2024-04-16T00:00:00.000Z,,The ULTIMATE T20 Quiz | #Shorts | #Lenskart,0
Cs8Pg5HtFac,Lenskart,30,https://www.youtube.com/shorts/Cs8Pg5HtFac,981,2024-06-05T00:00:00.000Z,,What About the ENVIRONMENT? | World Environment Day | #Shorts | #Lenskart,0
819iNX6nb54,Lenskart,20,https://www.youtube.com/shorts/819iNX6nb54,1187,2024-08-28T00:00:00.000Z,,How to Wear Contact Lenses | #Shorts | #Lenskart,0
btg4bAbfqpU,Lenskart,27,https://www.youtube.com/shorts/btg4bAbfqpU,1146,2023-09-11T00:00:00.000Z,,Masaba For John Jacobs | @johnjacobseyewear9648 | #Lenskart,0
WI4K9-p1DKk,Lenskart,48,https://www.youtube.com/shorts/WI4K9-p1DKk,1106,2024-08-20T00:00:00.000Z,,USEFUL TIPS On How to Maintain Eye Health | #Shorts | #Lenskart,0
DGH4uLJtAFw,TN Chors Esports,19,https://www.youtube.com/shorts/DGH4uLJtAFw,1211,2024-07-04T00:00:00.000Z,,Lenskart John Jacobs with Owndays japanese lens #lenskart #johnjacob #owndays #unboxing,9
PHTch2cmSeQ,Lenskart,30,https://www.youtube.com/shorts/PHTch2cmSeQ,1167,2024-06-06T00:00:00.000Z,,Unlock Limitless Possibilities | Coming Soon | #Shorts | #Lenskart,1
OcHmBayqamM,Lenskart,54,https://www.youtube.com/shorts/OcHmBayqamM,1180,2023-11-02T00:00:00.000Z,,Is night time reading ruining your eyesight? | #Shorts | #Lenskart,1
eM_ER-pL_WM,Lenskart,25,https://www.youtube.com/shorts/eM_ER-pL_WM,1231,2024-07-27T00:00:00.000Z,,Travel To Paris For FREE | #Shorts | #Lenskart,1
jrBsaVXJxms,Lenskart,30,https://www.youtube.com/shorts/jrBsaVXJxms,1294,2023-09-03T00:00:00.000Z,,Shop For Your Summer Essential ??? | #Shorts | #Lenskart,0
kMiitdE62Gs,Lenskart,33,https://www.youtube.com/shorts/kMiitdE62Gs,1287,2023-11-29T00:00:00.000Z,,Your Favourite Hustlr Glasses Are On SALE | Lenskart Eyeconic Sale | #Shorts | #Lenskart,0
7B9Q7aCS0FY,Lenskart,33,https://www.youtube.com/shorts/7B9Q7aCS0FY,1487,2024-08-26T00:00:00.000Z,,KNOW THIS Before You Buy | Lenskart AR Filter | #Shorts,1
FvtNlwWrrUs,Lenskart,14,https://www.youtube.com/shorts/FvtNlwWrrUs,1202,2023-09-07T00:00:00.000Z,,Eyewear Styles That Will Instantly Enhance Your Look | #Shorts | #Lenskart,0
#NAME?,Lenskart,18,https://www.youtube.com/shorts/-J7prqpfcco,1270,2023-11-30T00:00:00.000Z,,Shatterproof Eyeglasses For Kids | Hooper Memphis | #Shorts | #Lenskart,0
u1o-ivynkBg,Lenskart,38,https://www.youtube.com/shorts/u1o-ivynkBg,1313,2023-09-27T00:00:00.000Z,,Fun Dayout With Mom ft. Lenskart Sunnies | #Shorts | #Lenskart,0
1EASL8fSxPA,Devang Solanki,10,https://www.youtube.com/watch?v=1EASL8fSxPA,928,2024-08-17T00:00:00.000Z,39,Lenskart Buy 1 Get 1 free Eyeglasses Unboxing and Review | Lenskart Eyeglasses | Lenskart Sunglasses,4
osTnAIwcoDQ,Crazy Shiv,15,https://www.youtube.com/watch?v=osTnAIwcoDQ,1191,2024-07-03T00:00:00.000Z,10400,Lenskart Loot Offer | Lenskart Sale | Blue Cut Working Or Not | Lenskart Eye Test Kaise Hota Hai,10
1sz_4vDeL1g,Lenskart,72,https://www.youtube.com/shorts/1sz_4vDeL1g,1631,2024-08-23T00:00:00.000Z,,REAL Batman Enters Lenskart Office | #Shorts | #Lenskart,5
rfikYy7eYvI,Lenskart,24,https://www.youtube.com/shorts/rfikYy7eYvI,1474,2024-07-19T00:00:00.000Z,,Glasses to wear while doing YOGA | #Shorts | #Lenskart,0
Zkt7YlCMfMY,Lenskart,54,https://www.youtube.com/shorts/Zkt7YlCMfMY,1467,2023-10-15T00:00:00.000Z,,Get A Change To Win #SuryaKumarYadav Signed Merchandise | #Shorts | #Lenskart,2
1NoD_1E6snQ,Lenskart,30,https://www.youtube.com/shorts/1NoD_1E6snQ,1460,2024-05-12T00:00:00.000Z,,Dear MOM | Mother's Day | #Shorts | #Lenskart,1
PJAegZ9oqxI,Lenskart,38,https://www.youtube.com/shorts/PJAegZ9oqxI,1567,2024-08-23T00:00:00.000Z,,How to Match Your Eyewear With Your Outfit | #Shorts | #Lenskart,1
Q7ZDgUyMFhM,Lenskart,40,https://www.youtube.com/shorts/Q7ZDgUyMFhM,1444,2024-05-04T00:00:00.000Z,,Give Your Father The BEST GIFT | Lenskart Progressive Lenses | #Shorts | #Lenskart,3
HLCF-7yLHlQ,Lenskart,42,https://www.youtube.com/shorts/HLCF-7yLHlQ,1483,2024-04-21T00:00:00.000Z,,Choose The BEST Luxury Glasses | #Shorts | #Lenskart,0
zP1NfpL1hqo,Afreen Qureshi,10,https://www.youtube.com/shorts/zP1NfpL1hqo,517,2024-07-16T00:00:00.000Z,,Trendy sunglasses from Lenskart #sunglasses #fashion #eyewear #shorts,1
QbRtWDunwgs,FoodTravelUnboxingVlog,7,https://www.youtube.com/shorts/QbRtWDunwgs,534,2024-08-15T00:00:00.000Z,,lenskart my lens #lenskart #spectacle  #glasses #viral #eye #eyeprotection  #youtube #youtubeshorts,0
MXztbgzdKMY,Shruthi art and craft,15,https://www.youtube.com/shorts/MXztbgzdKMY,535,2024-07-20T00:00:00.000Z,,Lenskart Eye Test at Home #viral #shortsvideo #ytshorts #shorts #lenskart #eyetest #eyetestathome,0
Tq199sfkivA,Aditi Jaiswal,20,https://www.youtube.com/shorts/Tq199sfkivA,677,2024-08-24T00:00:00.000Z,,Sunglasses ???? #collegelife #hostellife #goggles #smile #lenskart #love #viral #shorts,25
uLVloeeOYfo,Vishal,10,https://www.youtube.com/shorts/uLVloeeOYfo,561,2024-07-20T00:00:00.000Z,,??Lenskart’s Classic Metal Collection #lenskartsquad #lenskartoffers #lenskart trending #spectacle,0
G0GRKKxb2jo,EYE CARE,0,https://www.youtube.com/shorts/G0GRKKxb2jo,599,2024-04-29T00:00:00.000Z,,best Eyewear #lenskart #eyeglasses #glass #eyewear #trending #arc #eyecare,0
2HFe-P-ciqo,SURYAANSH NATKHAT,11,https://www.youtube.com/shorts/2HFe-P-ciqo,556,2024-08-20T00:00:00.000Z,,Are mil gaya kala chasma ???? lenskart me #chasma #lenskart #kalachashma #ytshorts #shorts #newvideo,0
xTbwlYL2_7o,Fashion house ,10,https://www.youtube.com/shorts/xTbwlYL2_7o,615,2024-08-09T00:00:00.000Z,,Hooper kids sunglasses from #lenskart #myntrahaul #kidssznglass review #myntrahaul,0
EqRLyU0gLK0,Nidhi R Nair,23,https://www.youtube.com/shorts/EqRLyU0gLK0,536,2024-07-16T00:00:00.000Z,,Finally!!!! Changed my spectacles ?? ?? #lenskart #specs #eyetest #change,2
24K6WNSR3vU,Upd Vlogs,47,https://www.youtube.com/shorts/24K6WNSR3vU,553,2024-07-05T00:00:00.000Z,,Purchased new goggles ??#oneyearchallenge #lenskart #goggles #telugu #minivlog,4
ZgqgEfqKk3g,Show with Sajee,31,https://www.youtube.com/shorts/ZgqgEfqKk3g,609,2024-08-26T00:00:00.000Z,,Lenskart  Buy 1 get 1 worth offer or not #shorts #ytshorts,0
9ADKkXRfsBE,Akash sky vlogs,30,https://www.youtube.com/shorts/9ADKkXRfsBE,668,2024-08-11T00:00:00.000Z,,How to get “Free ka chasma from Lenskart  ??#akashskyvlogs ?#trendingonshorts #tumhareThey,6
sxa-OiAKqKc,Shinu BB [ Official Channel ] Shahnavaz Khan,10,https://www.youtube.com/shorts/sxa-OiAKqKc,696,2024-05-30T00:00:00.000Z,,Unboxing Lenskart New Sunglasses ?????? ShinuBB-Shahnavaz Khan #lenskartsquad #lenskart #influencer,0
0g4MnfPSo9I,FoodbyLord,18,https://www.youtube.com/shorts/0g4MnfPSo9I,669,2024-03-22T00:00:00.000Z,,Unboxing The New Hustlr Collection | By Lenskart #unboxing #lenskart #hustlr #shorts,0
BYpxwi9jHLw,Sravani Vlogs,50,https://www.youtube.com/shorts/BYpxwi9jHLw,784,2024-05-27T00:00:00.000Z,,Unboxing @lenskart ?? ll #shorts #lenskart #unboxing,0
svX3_fAXxcg,Rm Optical 1975 ,11,https://www.youtube.com/shorts/svX3_fAXxcg,814,2024-08-17T00:00:00.000Z,,VISIT OUR STORE???? #rmoptical #trending #lenskart #comedy #sunglasses #eyewear #viralvideo #youtube,0
ZWDt06xB9FQ,Versatile Rosh,24,https://www.youtube.com/shorts/ZWDt06xB9FQ,817,2024-07-31T00:00:00.000Z,,Vincent Chase Sunglasses by Lenskart ?? #unboxing #review #flipkart #bestsunglasses,0
2a_jf2iSaqI,Divya Tayde,12,https://www.youtube.com/shorts/2a_jf2iSaqI,757,2024-08-22T00:00:00.000Z,,"Buy 1 Get 1 Free?? , Anti-glare & Scratch resistant. #lenskart #lenskartoffers #nonsponsered #lenses",0
jVDoK8M7WPs,Lenskart,23,https://www.youtube.com/shorts/jVDoK8M7WPs,755,2024-08-22T00:00:00.000Z,,AVOID Fashion Mistakes Using This AR Feature | #Shorts | #Lenskart,0
QK_iVPQ7kPk,Style Head,0,https://www.youtube.com/shorts/QK_iVPQ7kPk,848,2024-08-02T00:00:00.000Z,,LENSKART OFFER EXPOSED!! ????|| Buy one get one|| #shortvideo #lenskart,1
IwuVXc9XuBU,VJ HUBZZ,27,https://www.youtube.com/shorts/IwuVXc9XuBU,499,2024-07-17T00:00:00.000Z,,Shopping vlog?? Part 1 #lenskart #lenskartsquad #lenskartoffers #vlog #dailyvlog #specs#vjhubzz,17
hSMD7qkYP7c,Aishwarya Vamanabhatla,28,https://www.youtube.com/shorts/hSMD7qkYP7c,533,2024-06-05T00:00:00.000Z,,Do you think my new spectacles suit me ? #spectacles #lenskart #goviral #ytshorts #youtubeshorts,8
mGK-6UP27qM,Chill Lifestyle ,7,https://www.youtube.com/shorts/mGK-6UP27qM,534,2024-05-12T00:00:00.000Z,,Lenskart Bestselling Transparent Eye Glasses ?? Lenskart Blu | #shorts #lenskart #ytshorts,0
Di49GF6RTX8,Khyati Malhotra,10,https://www.youtube.com/shorts/Di49GF6RTX8,537,2024-07-17T00:00:00.000Z,,The clip on glasses are so cool! #lenskart #viral #shortsviral #shortsfeed #ideas #intelligence #yt,0
xRsDvh2BnP0,ROZY JAFRI,16,https://www.youtube.com/shorts/xRsDvh2BnP0,606,2024-06-24T00:00:00.000Z,,Titan eyewear #shortvideo #shortsviral #youtubeshort #fashion #trending #optical #lenses #lenskart,3
KpSOY_lVIaA,Nandini Cut2Cut,23,https://www.youtube.com/shorts/KpSOY_lVIaA,511,2024-08-26T00:00:00.000Z,,Mini vlog  #Sunday #mallofranchi #lenskart #viralvideo ##blogger #eyecheckup #janmashtami #ranchi,1
HnW3-PY0_wM,Heyappyyy,0,https://www.youtube.com/shorts/HnW3-PY0_wM,561,2024-06-02T00:00:00.000Z,,Lenskart ne mere sath kya kia!!! ?????????? ????,0
dsl52hS4RNQ,Taste & Travel with Jewel,9,https://www.youtube.com/shorts/dsl52hS4RNQ,579,2024-07-21T00:00:00.000Z,,kando kande #shortsfeed #reels #shortvideo #bangalore #lenskart,1
p05Ju26ffMA,Jr shree dorjee,53,https://www.youtube.com/shorts/p05Ju26ffMA,524,2024-05-01T00:00:00.000Z,,Trying new lenskart glasses and he is literally going and checking how he look ?????#lenskart,0
1SxAWEOi9I0,Pallvi chauhan vlogs,27,https://www.youtube.com/shorts/1SxAWEOi9I0,601,2024-05-18T00:00:00.000Z,,Day-91 Aaj mai gyi lenskart ?? #trendingshorts #minivlog #dailyshorts #lenskart,2
BK9PFPT6hes,  The Lensmart optical ,30,https://www.youtube.com/shorts/BK9PFPT6hes,723,2024-06-03T00:00:00.000Z,,BLUE Fillter+photochromic ??????#lens #eye #sunglasses #options #lenskart #optical,5
30OYVdZrFXo,Chasma Wala,38,https://www.youtube.com/shorts/30OYVdZrFXo,776,2024-08-15T00:00:00.000Z,,Eyeglasses Repairing Tips #glassesrepair #lenskart #shorts #shortvideo #glasses #bluecut #lenskart,19
SjS-jy_DLiw,Lenskart,11,https://www.youtube.com/watch?v=SjS-jy_DLiw,535,2024-08-28T00:00:00.000Z,272000,"#NewLaunch : OwnDays Eyewear, From Tokyo, Japan | #Lenskart",3
vnhwhQLeuxA,Lenskart,53,https://www.youtube.com/shorts/vnhwhQLeuxA,1608,2024-06-25T00:00:00.000Z,,What are PROGRESSIVE LENSES? | #Shorts | #Lenskart,0
2rgzF3qyKZQ,Lenskart,46,https://www.youtube.com/shorts/2rgzF3qyKZQ,1509,2024-06-07T00:00:00.000Z,,BEST GIFT FOR MOM | #Shorts | #Lenskart,0
rco6aroOEhQ,Lenskart,41,https://www.youtube.com/shorts/rco6aroOEhQ,1511,2024-07-31T00:00:00.000Z,,What Binge Watching Does to Your Eyes | #Shorts | #Lenskart,0
XekxcqwGTg0,Lenskart,36,https://www.youtube.com/shorts/XekxcqwGTg0,1597,2023-12-01T00:00:00.000Z,,Lenskart New Collection You Need To Shop For | #Shorts | #Lenskart,2
050jvv8PNsM,Lenskart,25,https://www.youtube.com/shorts/050jvv8PNsM,1527,2024-08-15T00:00:00.000Z,,Sunglasses for Every Outfit | #Shorts | #Lenskart,3
SkhKLplewLY,Lenskart,36,https://www.youtube.com/shorts/SkhKLplewLY,1634,2024-06-24T00:00:00.000Z,,Inside the Lenskart Store | #Shorts | #Lenskart,1
gHPncheWN-8,Lenskart,40,https://www.youtube.com/shorts/gHPncheWN-8,1556,2023-09-24T00:00:00.000Z,,Convenience Of Eye Test At Home | #Lenskart At Home | #Shorts,0
PhEkmDPYL_c,The Joyful Journey with hema mishra,32,https://www.youtube.com/shorts/PhEkmDPYL_c,1614,2024-07-29T00:00:00.000Z,,Pyar Mai Hue Andhe | #minivlog #explorepage #lenskart,0
XYu-kpZ_5xo,??Pagalpanti#Shopping??,0,https://www.youtube.com/shorts/XYu-kpZ_5xo,435,2024-08-06T00:00:00.000Z,,customer reviews ??online shopping@pagalpantishopping #lenskart #shorts #shortsfeed#review #online,0
#NAME?,Sassy Neelu,11,https://www.youtube.com/shorts/-Dp7UgT7Jvo,445,2024-08-20T00:00:00.000Z,,Mini vlog #trending #minivlog #youtubeshorts #shortvideo #shorts #ashortaday #lenskart,0
2ZzWbeslFnA,Tooniify ,11,https://www.youtube.com/shorts/2ZzWbeslFnA,457,2024-08-18T00:00:00.000Z,,Surya dada edit #suryakumaryadav #surya #lenskart #cricket #360degree,6
KjHmNXr0MHA,BROWN BEAUTY ,13,https://www.youtube.com/shorts/KjHmNXr0MHA,454,2024-08-25T00:00:00.000Z,,lenskart lenses unboxing #shorts #youtube #lenses #viralvideo #lenskart #trending #ytshorts,2
zWB5Ancyi4U,Awesome Anakapalli,0,https://www.youtube.com/shorts/zWB5Ancyi4U,454,2024-08-08T00:00:00.000Z,,lenskart anakapalli | #lenskart #eyewear #reels #viralvideo #viralshorts,1
9CZZdu4Wea8,Ankita Mrs gorgeous beauty,0,https://www.youtube.com/shorts/9CZZdu4Wea8,456,2024-06-14T00:00:00.000Z,,#niasharma #lenskart #youtube #love #makeup #viral #youtubevideos #shortsvideo #eyemakeup #reels,0
LV9xoVbJ1jk,GENUINE LIGMA,11,https://www.youtube.com/shorts/LV9xoVbJ1jk,447,2024-07-10T00:00:00.000Z,,Unboxing lenskart blu glasses #shorts,2
o8Nypv04uI8,Shukla Agam,18,https://www.youtube.com/shorts/o8Nypv04uI8,458,2024-07-10T00:00:00.000Z,,Go to pg in Gurugram #lenskartsquad #lenskart #newsong #song #music #punjabisong #love #gurugram,2
353orzg9nfw,GITASREE ACHARJEE ,12,https://www.youtube.com/shorts/353orzg9nfw,453,2024-07-27T00:00:00.000Z,,Lenskart Eye Glass #shorts #lenskart #viral #trending #shortslover #shortsviral #shortsyoutube,0
MXGxmQgIo_g,Ananya Raj Karn,11,https://www.youtube.com/shorts/MXGxmQgIo_g,442,2024-06-20T00:00:00.000Z,,Aqualense from #lenskart??#subscribe #makeup  #unboxing #newsong #love #music #shortsfeed #bollywood,0
k54eCqkwdRk,Unboxing alert,9,https://www.youtube.com/shorts/k54eCqkwdRk,440,2024-08-27T00:00:00.000Z,,?? Coloured lens under ?99 only aqualens by #lenskart ?? #aqualens #shorts #youtubeshorts #lens,2
F-OMUjTagiA,Prince Gautam,7,https://www.youtube.com/shorts/F-OMUjTagiA,476,2024-08-15T00:00:00.000Z,,Lenskart hustlr sky blue eyeglasses #peyushbansal #lenskart #lenskarthustlr #hustlr #sharktank,0
-8tFVBfgQfY,Aakhu__,0,https://www.youtube.com/shorts/-8tFVBfgQfY,475,2024-08-09T00:00:00.000Z,,shopping from @lenskart ?? #minivlog #ashortaday #yt #shopping #bengalivlog #viralvideo,0
JoPQai8scoQ,ThePrishakumari_,14,https://www.youtube.com/shorts/JoPQai8scoQ,478,2024-07-30T00:00:00.000Z,,Lenskart. sunglasses shopping ??? #trendingaudio #lenskart,0
jOdxgmUp6pQ,Mahima Iyer,11,https://www.youtube.com/shorts/jOdxgmUp6pQ,473,2024-06-30T00:00:00.000Z,,"Don’t hate it, don’t love it ?? #lenskart #aquacolor #contactlenses #grey",1
45HzOQnyvoQ,EYE CARE,0,https://www.youtube.com/shorts/45HzOQnyvoQ,472,2024-08-21T00:00:00.000Z,,transparent Eyewear #lenskart #titaneye #glass #fashion #frames,0
DjjzvoDGmls,Shades of Shrey,15,https://www.youtube.com/shorts/DjjzvoDGmls,476,2024-06-08T00:00:00.000Z,,SHOULD YOU REALLY CONSIDER BUYING EYEWEAR FROM LENSKART ? #lenskart #shadesofshrey,1
tGId14c8Ies,Deepak-GRWM,2,https://www.youtube.com/shorts/tGId14c8Ies,497,2024-08-21T00:00:00.000Z,,Lenskart Men’s Sunglasses #menswearstyle #sunglasses #mensfashion #lenskart,0
OoNGR9_ZpmE,PYAARI SI LIFE VLOG,0,https://www.youtube.com/shorts/OoNGR9_ZpmE,491,2024-07-28T00:00:00.000Z,,HOW TO EYE LENS ENHANCE YOUR BEAUTY ?? #eyelenses #lenskart #shorts #howto #viralshorts #trending,0
u93-zTl7rpo,TeckNik,59,https://www.youtube.com/shorts/u93-zTl7rpo,2071,2024-03-16T00:00:00.000Z,,Unboxing The New Hustlr Polarized + UV Protected Lenskart Sunglasses ?? #shorts #lenskart #hustlr,3
CB81pC-_uSw,Lenskart,36,https://www.youtube.com/shorts/CB81pC-_uSw,1980,2024-04-26T00:00:00.000Z,,Must Have Eyewear for Your Vacation | Travel Essentials | #Shorts | #Lenskart,1
uvxc3UZyvlA,Lenskart,51,https://www.youtube.com/shorts/uvxc3UZyvlA,2102,2024-07-24T00:00:00.000Z,,Screen Glasses MYTHS DEBUNKED | #Shorts | #Lenskart,1
O0Vpehg16vs,Lenskart,54,https://www.youtube.com/shorts/O0Vpehg16vs,1652,2024-01-07T00:00:00.000Z,,Eye Checkup Schedule For Kids | #Shorts | #Lenskart,1
kB5p2HsPO74,Roshan Deshmukh,13,https://www.youtube.com/shorts/kB5p2HsPO74,522,2024-07-21T00:00:00.000Z,,Lenskart Store Visit Part 1.0 | Lenskart Nearby Store #shorts #lenskart #pune,0
yTiD7DsDeHk,Lenskart,34,https://www.youtube.com/shorts/yTiD7DsDeHk,2002,2024-06-18T00:00:00.000Z,,Glasses for Headaches You Need to Know About | #Shorts | #Lenskart,0
xAaFSueZ8g0,Lenskart,57,https://www.youtube.com/shorts/xAaFSueZ8g0,2087,2024-08-11T00:00:00.000Z,,Reasons Lenskart Progressive Lenses are the BEST | #Shorts | #Lenskart,2
bOUMEBh8xfk,Exploring Gene,38,https://www.youtube.com/shorts/bOUMEBh8xfk,1321,2024-08-28T00:00:00.000Z,,Chashme ka gyan. Night drive specs. #gyan #specs #nightdrive #night #lenskart #hyderabad,0
Q28UIvVi8AA,Subhu,3,https://www.youtube.com/shorts/Q28UIvVi8AA,38,2024-08-19T00:00:00.000Z,,shine your personality with our designer eyewear lenskart!# #eyeglasses #lenskartframe#eyeglassframe,0
D8M_eXCqzsM,SadiqAndVlogs,15,https://www.youtube.com/shorts/D8M_eXCqzsM,167,2024-07-07T00:00:00.000Z,,Lenskart Se First Time Purchase Kiya Computer Glasses #lenskart,3
I-0JWlx4Z24,Idle mind speaks,5,https://www.youtube.com/shorts/I-0JWlx4Z24,487,2024-08-30T00:00:00.000Z,,Lenskart eyewear,0
3fAFI7uXo8w,Tech Unbox & Review ,6,https://www.youtube.com/shorts/3fAFI7uXo8w,169,2024-07-07T00:00:00.000Z,,Lenskart ?? after sale Service ???? ???#lenskart #lenskartreviews #viral #tech #computerglasses,0
sLULI2rYCHc,College of Climate Change & Environmental Science ,50,https://www.youtube.com/shorts/sLULI2rYCHc,482,2024-08-29T00:00:00.000Z,,LENSKART sponsor ????? Malayalam recitation.. #shortsfeed #shortsvideo,4
Z1tXyV4FreM,stately unboxing tech,0,https://www.youtube.com/shorts/Z1tXyV4FreM,676,2024-08-27T00:00:00.000Z,,??Ultimate Eye Protection Review: Lenskart Glasses for Unmatched Comfort & Safety"#glasses #unboxing,1
puwJ4wSTO4I,Ashir qamar,25,https://www.youtube.com/shorts/puwJ4wSTO4I,428,2024-08-26T00:00:00.000Z,,Exposing lenskart glasses | #funny#viral,2
XDy0I-q83s4,Shachi Kadyan,7,https://www.youtube.com/shorts/XDy0I-q83s4,176,2024-07-06T00:00:00.000Z,,Lenskart eye-conic sale #lenskart #sunglasses #eyeglasses,2
z08jStuWmko,All in one Tom ,7,https://www.youtube.com/shorts/z08jStuWmko,208,2024-08-27T00:00:00.000Z,,unboxing lenskart goggles #unboxing #music,0
oE9tvQRa9rM,Yamini Parab,6,https://www.youtube.com/shorts/oE9tvQRa9rM,498,2024-08-28T00:00:00.000Z,,Aqualens Premium Emerald #colorlenses #aqualens #lenskart #eyewear,0
kmMRQwXwuRM,Bachelors Kitchen????,16,https://www.youtube.com/shorts/kmMRQwXwuRM,432,2024-08-29T00:00:00.000Z,,"#Minivlog-11,Ungaluku endha Jewellery puduchirukunu solungo..#dominospizza #Lenskart",0
PKDAwzC9iVo,Ramdhanu World,12,https://www.youtube.com/shorts/PKDAwzC9iVo,304,2024-08-28T00:00:00.000Z,,Lenskart Air Online Bluecut Anti Glare Thin Lens Unboxing,0
yx5IgIw5PHA,kem cho,13,https://www.youtube.com/shorts/yx5IgIw5PHA,220,2024-06-08T00:00:00.000Z,,Day 111 | lenskart have cool sunglasses ?? #viralvideo #vadodaradiaries #lenskart @lenskart,0
qrQsj1MwH5s,Creator_pradhyumn,34,https://www.youtube.com/shorts/qrQsj1MwH5s,224,2024-07-28T00:00:00.000Z,,@lenskart ???? sachme best hai?? #lenskart #minivlog #abandoned #vlog #trending #shorts #yt,0
m8tXRulpXHo,Anurag gaming 222,4,https://www.youtube.com/watch?v=m8tXRulpXHo,49,2024-08-15T00:00:00.000Z,10,Lenskart hooper glasses review and unboxing #video #glasses #tranding,0
K6AwENir-hc,Lenskart,58,https://www.youtube.com/shorts/K6AwENir-hc,2263,2024-08-30T00:00:00.000Z,,Weekend Shopping Plans | #Shorts | #Lenskart,3
66l83I0IzK4,Lenskart,78,https://www.youtube.com/shorts/66l83I0IzK4,2121,2024-08-13T00:00:00.000Z,,Dayout with Mom | #Shorts | #Lenskart,1
3x4JEGbctYg,Kajal Singh,32,https://www.youtube.com/shorts/3x4JEGbctYg,317,2024-08-23T00:00:00.000Z,,Vlog 3 Lenskart ja rahi hu???? #youtubeshorts #vlog #viralvideo #ytshorts #lenskart #shortsfeed,0
pBh540unGNE,Santwana  Nandani Mishra,17,https://www.youtube.com/shorts/pBh540unGNE,294,2024-06-02T00:00:00.000Z,,Visited lenskart Bhopal#bhopal #ytshorts #lenskart,1
zE2x8RvS0I4,Purnima & Radha Stories ,26,https://www.youtube.com/shorts/zE2x8RvS0I4,274,2024-08-02T00:00:00.000Z,,#lenskart #lenskartoffers #freeeyecheckup #1+1offer #antiglare #uvprotection #polarised #dustproof,0
F9eew5lp7lg,Lenskart,3,https://www.youtube.com/watch?v=F9eew5lp7lg,175,2024-08-30T00:00:00.000Z,272000,Everything You Need To Know About Shopping at Lenskart | Lenskart 101 Guide,4
z0mtrz5F4OU,Lenskart,39,https://www.youtube.com/shorts/z0mtrz5F4OU,2079,2024-06-17T00:00:00.000Z,,New Uses For Old Glasses | #Shorts | #Lenskart,2
bvOSBoxmJxQ,Lenskart,35,https://www.youtube.com/shorts/bvOSBoxmJxQ,2057,2024-04-23T00:00:00.000Z,,Are You Rooting For Kolkata Too? | T20 Fan Mania | #Shorts | #Lenskart,1
syYlDTs4QY8,Lenskart,44,https://www.youtube.com/shorts/syYlDTs4QY8,2094,2024-04-16T00:00:00.000Z,,MUST HAVE Sleek Metal Eyeglasses For Work | #Shorts | #Lenskart,0
FFVZP6ygN_4,Lenskart,49,https://www.youtube.com/shorts/FFVZP6ygN_4,2059,2024-04-09T00:00:00.000Z,,The COOLEST FRAMES of 2024 | #Shorts | #Lenskart,1
#NAME?,Lenskart,35,https://www.youtube.com/shorts/-OGuzXtV-JQ,2112,2024-05-22T00:00:00.000Z,,First Time Table Toppers | T20 | Kolkata | #Shorts | #Lenskart,1
T6mKmSapgAQ,Lenskart,28,https://www.youtube.com/shorts/T6mKmSapgAQ,2181,2024-07-17T00:00:00.000Z,,How to Put in Contacts Easily | Tutorial | #Shorts | #Lenskart,0
80RfVvfg7XE,Sanju,1,https://www.youtube.com/shorts/80RfVvfg7XE,3,2024-08-28T00:00:00.000Z,,Lenskart Blue Rays Glasses ?? #ytshorts #lenskartoffers #lenskart #lenskartreviews #shorts,0
qCwHs5Qlzw4,Idle mind speaks,0,https://www.youtube.com/shorts/qCwHs5Qlzw4,15,2024-08-30T00:00:00.000Z,,Unboxing lenskart Eyewear #eyeconic sale haul,2
fJt17YIuhMk,Shweta Thakur,4,https://www.youtube.com/shorts/fJt17YIuhMk,132,2024-08-29T00:00:00.000Z,,Got my new glasses. ???? @lenskart #shorts #minivlog,0
V64Z9rvWGxs,Saranya,7,https://www.youtube.com/shorts/V64Z9rvWGxs,60,2024-08-28T00:00:00.000Z,,Free eyeglass wash???? #singapore #chennai #viralvideo #shorts#lenskart #vivocity #harbourfront,0
SK0DH7uEM7s,kalpana rana,13,https://www.youtube.com/shorts/SK0DH7uEM7s,137,2024-08-29T00:00:00.000Z,,#Day 174 Chasme ki shopping ??? bht dino s due  tha #Lenskart s shopping ??? ?? thnq lovey,3
ErlykY0z08Q,Art Gallery ,1,https://www.youtube.com/shorts/ErlykY0z08Q,9,2024-08-28T00:00:00.000Z,,LENSKART,0
JgWEfsl9evk,Lenskartdeaf,0,https://www.youtube.com/shorts/JgWEfsl9evk,19,2024-08-28T00:00:00.000Z,,OKALEY-SUNGLASSESS viral shorts in 60 second #viral #shortvideo #ytshorts #ytshortsvideo #lenskart ??,0
J-UHDl31WyM,Urvashi Singh Rao,1,https://www.youtube.com/shorts/J-UHDl31WyM,8,2024-08-30T00:00:00.000Z,,Lenskart Free Eye Checkup ?? #youtubeshorts #heeriye #trendingshorts,4
nshujNNL-U8,Shirish's World,16,https://www.youtube.com/shorts/nshujNNL-U8,298,2024-08-30T00:00:00.000Z,,Discover Your Perfect Pair Today | Lenskart,6
4jCyChhzb6w,Lenskartdeaf,0,https://www.youtube.com/shorts/4jCyChhzb6w,9,2024-08-24T00:00:00.000Z,,viral shorts in 60 second #viral #shortvideo #ytshorts #ytshortsvideo #lenskart ??,0
juqVKwo7dV0,Jacob Mathew,0,https://www.youtube.com/watch?v=juqVKwo7dV0,0,2024-08-30T00:00:00.000Z,2430,No More Tired Eyes   Lenskart BLU Screen Glasses,0
sQ6-Tui1o60,Tenggrik ff,1,https://www.youtube.com/watch?v=sQ6-Tui1o60,18,2024-08-28T00:00:00.000Z,2,lenskart free fiee gaming Tenggrik ff????????????????,0
mtE0FuVUwI4,Lenskartdeaf,0,https://www.youtube.com/shorts/mtE0FuVUwI4,18,2024-08-24T00:00:00.000Z,,Follow please viral shorts in 60 second #viral #shortvideo #ytshorts #ytshortsvideo #lenskart ??,0
nh1kMxxqqCA,Shirish's World,59,https://www.youtube.com/shorts/nh1kMxxqqCA,3432,2024-08-29T00:00:00.000Z,,Lenskart Clipon JJ Flip 218236 #lenskart #spectacle #frames,6
rEv_JAglk68,Lenskartdeaf,1,https://www.youtube.com/shorts/rEv_JAglk68,18,2024-08-24T00:00:00.000Z,,Frame quality viral shorts in 60 second #viral #shortvideo #ytshorts #ytshortsvideo #lenskart ??,0
QmLEGr76cX8,Raaaaj Kumaar,1,https://www.youtube.com/watch?v=QmLEGr76cX8,16,2024-08-30T00:00:00.000Z,589,lenskart Sun glasses ek k sath ek free by Lenskart ?@lenskart?,0
0OfZQI0tdOY,Disha Vlogs,4,https://www.youtube.com/watch?v=0OfZQI0tdOY,21,2024-08-28T00:00:00.000Z,44,Lenskart ke customer service itne ajeeb kyu hain ?????,0
E14Qp0sAeRQ,Vikas Patidar Vlogs • 208K views • 4 hours ago. ,5,https://www.youtube.com/watch?v=E14Qp0sAeRQ,37,2024-08-27T00:00:00.000Z,1380,Lenskart Store Visit in Indore | Eyeglasses Shopping Experience & Review ?@VikasPatidarVlogs?,0
7oDZoLheeUY,INDIAN PRANK KING,2,https://www.youtube.com/watch?v=7oDZoLheeUY,12,2024-08-29T00:00:00.000Z,51800,Lenskart  ????? ?????? ?????,0
M7Mu9Xrl3Lw,Lenskart,47,https://www.youtube.com/shorts/M7Mu9Xrl3Lw,2643,2023-09-10T00:00:00.000Z,,GRWM | Get A Classy Look With Contact Lenses | Aqualens | #Lenskart,0
vqgBc8v1RXQ,Sarkit tech,1,https://www.youtube.com/watch?v=vqgBc8v1RXQ,12,2024-08-25T00:00:00.000Z,1,"Lenskart 70%off, Cashback   Loot, Flash swiggy Rs.250 Free Loot, online",0
1-tjOEB1Vy8,Hungry Rabbit,45,https://www.youtube.com/watch?v=1-tjOEB1Vy8,2093,2024-04-05T00:00:00.000Z,857,Lenskart | Why Lenskart ? | My experience over Lenskart | Buy one get one | Lenskart kerala,10
4MamI0UThIg,Raaaaj Kumaar,1,https://www.youtube.com/shorts/4MamI0UThIg,14,2024-08-30T00:00:00.000Z,,Lenskart ek k sath ek free @lenskart #shorts #contentcreator #youtubeshorts #lenskart #sunglasses,0
RMjMiEzy-GU,sumitra subba,7,https://www.youtube.com/shorts/RMjMiEzy-GU,264,2024-08-29T00:00:00.000Z,,#lenskart#glassesfashion,1
kSFjDlBMnrk,Lenskart karnal,1,https://www.youtube.com/shorts/kSFjDlBMnrk,211,2024-08-30T00:00:00.000Z,,much easier!#progressive #progressivelenses #presbyopia #lenskart #eyewear #sunglasses #eyeglass,0
JvLswp_39BY,Suryakumaeyadav ,1,https://www.youtube.com/shorts/JvLswp_39BY,1,2024-08-29T00:00:00.000Z,,Dhaakad Hai ft. Surya Kumar Yadav |#Lenskart #lenskart Surya yadav 1m view,0
mBwsFcFarxc,BJ NEWAR,3,https://www.youtube.com/shorts/mBwsFcFarxc,48,2024-08-29T00:00:00.000Z,,Lenskart Guwahati ?? Verities Collection Available. Visit Store,1
_z5NKSgNgEQ,AC Technician Abhijit ?????,0,https://www.youtube.com/shorts/_z5NKSgNgEQ,2,2024-08-28T00:00:00.000Z,,#bluestarac #services #lenskart #kolkata #youtubeshorts #viralvideo,0
ZMdj4s2Ba60,Moyek Tayeng,58,https://www.youtube.com/watch?v=ZMdj4s2Ba60,626,2024-08-30T00:00:00.000Z,6770,????? ???????In Delhi City?Certification ??LENSKART??Pass Or Fail??,58
eYsgRO2UYWY,LMCLEAS,3,https://www.youtube.com/shorts/eYsgRO2UYWY,6,2024-08-29T00:00:00.000Z,,Lenskart black and silver combination specs.                                #unboxing   #Lenskart,0
_goikzchfdA,Ehan Sk,0,https://www.youtube.com/shorts/_goikzchfdA,0,2024-08-30T00:00:00.000Z,,Lens Is Very Power this business @lenskart power with kids  lens with power by 94948,0
IvI0wW8J264,Zozolicious,4,https://www.youtube.com/watch?v=IvI0wW8J264,16,2024-08-30T00:00:00.000Z,19,Lenskart showroom and shawarma pizza making,0
ge7fXwUssGU,Suryakumaeyadav ,1,https://www.youtube.com/shorts/ge7fXwUssGU,3,2024-08-29T00:00:00.000Z,,Dhaakad Hai ft. Surya Kumar Yadav |#Lenskart yadav ji,0
PdhVOmTIpps,A Rajshree,1,https://www.youtube.com/watch?v=PdhVOmTIpps,1,2024-08-30T00:00:00.000Z,26,Lenskart se kiske liye Naya chasma Aya hai,0
lHaYIWMnuLQ,Anu Nallanagula,0,https://www.youtube.com/watch?v=lHaYIWMnuLQ,4,2024-08-30T00:00:00.000Z,602,Anu hyd ?? nenu ayithe lenskart ki vellina????,0
tOq4rvIjTdM,Meriminikahani,0,https://www.youtube.com/shorts/tOq4rvIjTdM,13,2024-08-30T00:00:00.000Z,,My first mini vlog (lenskart order) #minivlog #noida #vlog #shorts #meriminikahani #music,0
avHSUSUPkiw,Sreejan Das,1,https://www.youtube.com/shorts/avHSUSUPkiw,75,2024-08-30T00:00:00.000Z,,Visit To Lenskart?? With My Dad????. #shopping #happy #shorts,0
JLQI97_uEaQ,Ranjeet Kumar,2,https://www.youtube.com/shorts/JLQI97_uEaQ,92,2024-08-29T00:00:00.000Z,,New eye glasses from LENSKART .         Harry Potter edition #harrypotter #music,0
aukJafkMjKc,Fox Digital Techno Services,0,https://www.youtube.com/watch?v=aukJafkMjKc,59,2024-08-29T00:00:00.000Z,20,Lenskart: From Startup to Eyewear Giant | #lenskart #lenskartoffers #digitalmarketing #digital,0
bB0ydrs7Wkw,Jacob Mathew,0,https://www.youtube.com/watch?v=bB0ydrs7Wkw,0,2024-08-30T00:00:00.000Z,2430,Protect Your Child s Eyes From Digital Eye Strain   Lenskart Screen Glasses,0
MA6Q35hRFeo,Deepsha vlogs,17,https://www.youtube.com/watch?v=MA6Q35hRFeo,161,2024-08-28T00:00:00.000Z,49,mall of dehradun biggest mall of uttarakhand || #trendingshorts #viralvideos #minivlog #lenskart,6
F6sCUyjbcJ0,Pshiningstar with Payal World ,2,https://www.youtube.com/watch?v=F6sCUyjbcJ0,34,2024-08-29T00:00:00.000Z,1130,Lenskart promotional video #payal #p_shining_stars,1
Ha7ukzn_dn8,LMCLEAS,2,https://www.youtube.com/watch?v=Ha7ukzn_dn8,4,2024-08-29T00:00:00.000Z,3,LMCLEAS UNBOXING Of Lenskart black and silver combination specs,0
6q6xqR5KBdw,Vikas Patidar Vlogs • 208K views • 4 hours ago. ,0,https://www.youtube.com/watch?v=6q6xqR5KBdw,1,2024-08-30T00:00:00.000Z,1380,Lenskart store eyeglasses and sunglasses delivery vlog ?@VikasPatidarVlogs?,0
XV4P1kb2ZKA,Lenskart,67,https://www.youtube.com/shorts/XV4P1kb2ZKA,2631,2024-07-25T00:00:00.000Z,,The TOP 5 Trending Sunglasses | #Shorts | #Lenskart,0
EoLPOZMTVOc,Suryakumaeyadav ,1,https://www.youtube.com/watch?v=EoLPOZMTVOc,3,2024-08-29T00:00:00.000Z,1,Dhaakad Hai ft. Surya Kumar Yadav |#Lenskart ka ????,0
MixLNG-yerM,Lenskart,77,https://www.youtube.com/shorts/MixLNG-yerM,2678,2024-07-20T00:00:00.000Z,,#SPOTTED Taha Shah at Lenskart Store | Heeramandi Tajdar | #Shorts | #Lenskart,0
XaqHj-9GbrI,Lenskart,56,https://www.youtube.com/shorts/XaqHj-9GbrI,2694,2024-07-10T00:00:00.000Z,,Do SCREEN GLASSES Actually work? - Fact or Fiction | #Shorts | #Lenskart,2
Bo8zQTNUNuI,Lenskart,37,https://www.youtube.com/watch?v=Bo8zQTNUNuI,2445,2024-07-11T00:00:00.000Z,272000,Screen Glasses MYTHS DEBUNKED | #Lenskart,4
2K-FA1VAoaM,Lenskart,62,https://www.youtube.com/shorts/2K-FA1VAoaM,2680,2023-09-29T00:00:00.000Z,,Things To Do With Your BFF This Long Weekend | #Shorts | #Lenskart,1
